file,line,type,commit,author,date,time,timezone,datetime,depth,length
style.css,1,css,664aaebe,nisharonn,2025-01-08,22:29:47,-08:00,2025-01-08T22:29:47-08:00,0,5
style.css,2,css,664aaebe,nisharonn,2025-01-08,22:29:47,-08:00,2025-01-08T22:29:47-08:00,0,44
style.css,3,css,664aaebe,nisharonn,2025-01-08,22:29:47,-08:00,2025-01-08T22:29:47-08:00,0,43
style.css,4,css,664aaebe,nisharonn,2025-01-08,22:29:47,-08:00,2025-01-08T22:29:47-08:00,0,1
style.css,5,css,664aaebe,nisharonn,2025-01-08,22:29:47,-08:00,2025-01-08T22:29:47-08:00,0,24
style.css,6,css,ab34b3d8,nisharonn,2025-01-16,01:52:54,-08:00,2025-01-16T01:52:54-08:00,0,17
style.css,7,css,ab34b3d8,nisharonn,2025-01-16,01:52:54,-08:00,2025-01-16T01:52:54-08:00,0,19
style.css,8,css,1afe3beb,nisharonn,2025-01-22,22:24:47,-08:00,2025-01-22T22:24:47-08:00,0,13
style.css,9,css,ab34b3d8,nisharonn,2025-01-16,01:52:54,-08:00,2025-01-16T01:52:54-08:00,0,0
style.css,10,css,ab34b3d8,nisharonn,2025-01-16,01:52:54,-08:00,2025-01-16T01:52:54-08:00,0,0
style.css,11,css,ab34b3d8,nisharonn,2025-01-16,01:52:54,-08:00,2025-01-16T01:52:54-08:00,0,6
style.css,12,css,ab34b3d8,nisharonn,2025-01-16,01:52:54,-08:00,2025-01-16T01:52:54-08:00,0,23
style.css,13,css,ab34b3d8,nisharonn,2025-01-16,01:52:54,-08:00,2025-01-16T01:52:54-08:00,0,0
style.css,14,css,ab34b3d8,nisharonn,2025-01-16,01:52:54,-08:00,2025-01-16T01:52:54-08:00,0,0
style.css,15,css,ab34b3d8,nisharonn,2025-01-16,01:52:54,-08:00,2025-01-16T01:52:54-08:00,0,5
style.css,16,css,ab34b3d8,nisharonn,2025-01-16,01:52:54,-08:00,2025-01-16T01:52:54-08:00,0,33
style.css,17,css,1afe3beb,nisharonn,2025-01-22,22:24:47,-08:00,2025-01-22T22:24:47-08:00,0,24
style.css,18,css,ab34b3d8,nisharonn,2025-01-16,01:52:54,-08:00,2025-01-16T01:52:54-08:00,0,0
style.css,19,css,664aaebe,nisharonn,2025-01-08,22:29:47,-08:00,2025-01-08T22:29:47-08:00,0,0
style.css,20,css,664aaebe,nisharonn,2025-01-08,22:29:47,-08:00,2025-01-08T22:29:47-08:00,0,8
style.css,21,css,664aaebe,nisharonn,2025-01-08,22:29:47,-08:00,2025-01-08T22:29:47-08:00,0,19
style.css,22,css,664aaebe,nisharonn,2025-01-08,22:29:47,-08:00,2025-01-08T22:29:47-08:00,0,17
style.css,23,css,664aaebe,nisharonn,2025-01-08,22:29:47,-08:00,2025-01-08T22:29:47-08:00,0,0
style.css,24,css,664aaebe,nisharonn,2025-01-08,22:29:47,-08:00,2025-01-08T22:29:47-08:00,0,0
style.css,25,css,664aaebe,nisharonn,2025-01-08,22:29:47,-08:00,2025-01-08T22:29:47-08:00,0,33
style.css,26,css,664aaebe,nisharonn,2025-01-08,22:29:47,-08:00,2025-01-08T22:29:47-08:00,0,9
style.css,27,css,664aaebe,nisharonn,2025-01-08,22:29:47,-08:00,2025-01-08T22:29:47-08:00,0,0
style.css,28,css,664aaebe,nisharonn,2025-01-08,22:29:47,-08:00,2025-01-08T22:29:47-08:00,0,0
style.css,29,css,664aaebe,nisharonn,2025-01-08,22:29:47,-08:00,2025-01-08T22:29:47-08:00,0,7
style.css,30,css,664aaebe,nisharonn,2025-01-08,22:29:47,-08:00,2025-01-08T22:29:47-08:00,0,11
style.css,31,css,664aaebe,nisharonn,2025-01-08,22:29:47,-08:00,2025-01-08T22:29:47-08:00,0,17
style.css,32,css,664aaebe,nisharonn,2025-01-08,22:29:47,-08:00,2025-01-08T22:29:47-08:00,0,0
style.css,33,css,664aaebe,nisharonn,2025-01-08,22:29:47,-08:00,2025-01-08T22:29:47-08:00,0,0
style.css,34,css,664aaebe,nisharonn,2025-01-08,22:29:47,-08:00,2025-01-08T22:29:47-08:00,0,8
style.css,35,css,664aaebe,nisharonn,2025-01-08,22:29:47,-08:00,2025-01-08T22:29:47-08:00,0,12
style.css,36,css,664aaebe,nisharonn,2025-01-08,22:29:47,-08:00,2025-01-08T22:29:47-08:00,0,17
style.css,37,css,664aaebe,nisharonn,2025-01-08,22:29:47,-08:00,2025-01-08T22:29:47-08:00,0,0
style.css,38,css,664aaebe,nisharonn,2025-01-08,22:29:47,-08:00,2025-01-08T22:29:47-08:00,0,0
style.css,39,css,664aaebe,nisharonn,2025-01-08,22:29:47,-08:00,2025-01-08T22:29:47-08:00,0,7
style.css,40,css,664aaebe,nisharonn,2025-01-08,22:29:47,-08:00,2025-01-08T22:29:47-08:00,0,11
style.css,41,css,664aaebe,nisharonn,2025-01-08,22:29:47,-08:00,2025-01-08T22:29:47-08:00,0,18
style.css,42,css,664aaebe,nisharonn,2025-01-08,22:29:47,-08:00,2025-01-08T22:29:47-08:00,0,0
style.css,43,css,664aaebe,nisharonn,2025-01-08,22:29:47,-08:00,2025-01-08T22:29:47-08:00,0,0
style.css,44,css,664aaebe,nisharonn,2025-01-08,22:29:47,-08:00,2025-01-08T22:29:47-08:00,0,8
style.css,45,css,664aaebe,nisharonn,2025-01-08,22:29:47,-08:00,2025-01-08T22:29:47-08:00,0,12
style.css,46,css,664aaebe,nisharonn,2025-01-08,22:29:47,-08:00,2025-01-08T22:29:47-08:00,0,18
style.css,47,css,664aaebe,nisharonn,2025-01-08,22:29:47,-08:00,2025-01-08T22:29:47-08:00,0,0
style.css,48,css,664aaebe,nisharonn,2025-01-08,22:29:47,-08:00,2025-01-08T22:29:47-08:00,0,0
style.css,49,css,664aaebe,nisharonn,2025-01-08,22:29:47,-08:00,2025-01-08T22:29:47-08:00,0,3
style.css,50,css,664aaebe,nisharonn,2025-01-08,22:29:47,-08:00,2025-01-08T22:29:47-08:00,0,9
style.css,51,css,664aaebe,nisharonn,2025-01-08,22:29:47,-08:00,2025-01-08T22:29:47-08:00,0,0
style.css,52,css,8b80efdd,nisharonn,2025-01-09,23:13:50,-08:00,2025-01-09T23:13:50-08:00,0,0
style.css,53,css,ab34b3d8,nisharonn,2025-01-16,01:52:54,-08:00,2025-01-16T01:52:54-08:00,0,4
style.css,54,css,1afe3beb,nisharonn,2025-01-22,22:24:47,-08:00,2025-01-22T22:24:47-08:00,0,40
style.css,55,css,ab34b3d8,nisharonn,2025-01-16,01:52:54,-08:00,2025-01-16T01:52:54-08:00,0,13
style.css,56,css,ab34b3d8,nisharonn,2025-01-16,01:52:54,-08:00,2025-01-16T01:52:54-08:00,0,18
style.css,57,css,1afe3beb,nisharonn,2025-01-22,22:24:47,-08:00,2025-01-22T22:24:47-08:00,0,44
style.css,58,css,ab34b3d8,nisharonn,2025-01-16,01:52:54,-08:00,2025-01-16T01:52:54-08:00,0,0
style.css,59,css,ab34b3d8,nisharonn,2025-01-16,01:52:54,-08:00,2025-01-16T01:52:54-08:00,0,3
style.css,60,css,ab34b3d8,nisharonn,2025-01-16,01:52:54,-08:00,2025-01-16T01:52:54-08:00,0,17
style.css,61,css,ab34b3d8,nisharonn,2025-01-16,01:52:54,-08:00,2025-01-16T01:52:54-08:00,0,0
style.css,62,css,ab34b3d8,nisharonn,2025-01-16,01:52:54,-08:00,2025-01-16T01:52:54-08:00,0,3
style.css,63,css,ab34b3d8,nisharonn,2025-01-16,01:52:54,-08:00,2025-01-16T01:52:54-08:00,0,17
style.css,64,css,ab34b3d8,nisharonn,2025-01-16,01:52:54,-08:00,2025-01-16T01:52:54-08:00,0,0
style.css,65,css,ab34b3d8,nisharonn,2025-01-16,01:52:54,-08:00,2025-01-16T01:52:54-08:00,0,2
style.css,66,css,ab34b3d8,nisharonn,2025-01-16,01:52:54,-08:00,2025-01-16T01:52:54-08:00,0,7
style.css,67,css,ab34b3d8,nisharonn,2025-01-16,01:52:54,-08:00,2025-01-16T01:52:54-08:00,0,21
style.css,68,css,ab34b3d8,nisharonn,2025-01-16,01:52:54,-08:00,2025-01-16T01:52:54-08:00,0,14
style.css,69,css,ab34b3d8,nisharonn,2025-01-16,01:52:54,-08:00,2025-01-16T01:52:54-08:00,0,18
style.css,70,css,ab34b3d8,nisharonn,2025-01-16,01:52:54,-08:00,2025-01-16T01:52:54-08:00,0,14
style.css,71,css,ab34b3d8,nisharonn,2025-01-16,01:52:54,-08:00,2025-01-16T01:52:54-08:00,0,0
style.css,72,css,ab34b3d8,nisharonn,2025-01-16,01:52:54,-08:00,2025-01-16T01:52:54-08:00,0,0
style.css,73,css,ab34b3d8,nisharonn,2025-01-16,01:52:54,-08:00,2025-01-16T01:52:54-08:00,0,8
style.css,74,css,ab34b3d8,nisharonn,2025-01-16,01:52:54,-08:00,2025-01-16T01:52:54-08:00,0,46
style.css,75,css,ab34b3d8,nisharonn,2025-01-16,01:52:54,-08:00,2025-01-16T01:52:54-08:00,0,19
style.css,76,css,1afe3beb,nisharonn,2025-01-22,22:24:47,-08:00,2025-01-22T22:24:47-08:00,0,71
style.css,77,css,ab34b3d8,nisharonn,2025-01-16,01:52:54,-08:00,2025-01-16T01:52:54-08:00,0,0
style.css,78,css,8b80efdd,nisharonn,2025-01-09,23:13:50,-08:00,2025-01-09T23:13:50-08:00,0,0
style.css,79,css,664aaebe,nisharonn,2025-01-08,22:29:47,-08:00,2025-01-08T22:29:47-08:00,0,0
style.css,80,css,ab34b3d8,nisharonn,2025-01-16,01:52:54,-08:00,2025-01-16T01:52:54-08:00,0,10
style.css,81,css,1afe3beb,nisharonn,2025-01-22,22:24:47,-08:00,2025-01-22T22:24:47-08:00,0,46
style.css,82,css,ab34b3d8,nisharonn,2025-01-16,01:52:54,-08:00,2025-01-16T01:52:54-08:00,0,19
style.css,83,css,ab34b3d8,nisharonn,2025-01-16,01:52:54,-08:00,2025-01-16T01:52:54-08:00,0,0
style.css,84,css,ab34b3d8,nisharonn,2025-01-16,01:52:54,-08:00,2025-01-16T01:52:54-08:00,0,0
style.css,85,css,ab34b3d8,nisharonn,2025-01-16,01:52:54,-08:00,2025-01-16T01:52:54-08:00,0,5
style.css,86,css,ab34b3d8,nisharonn,2025-01-16,01:52:54,-08:00,2025-01-16T01:52:54-08:00,0,13
style.css,87,css,ab34b3d8,nisharonn,2025-01-16,01:52:54,-08:00,2025-01-16T01:52:54-08:00,0,31
style.css,88,css,ab34b3d8,nisharonn,2025-01-16,01:52:54,-08:00,2025-01-16T01:52:54-08:00,0,19
style.css,89,css,ab34b3d8,nisharonn,2025-01-16,01:52:54,-08:00,2025-01-16T01:52:54-08:00,0,8
style.css,90,css,ab34b3d8,nisharonn,2025-01-16,01:52:54,-08:00,2025-01-16T01:52:54-08:00,0,0
style.css,91,css,664aaebe,nisharonn,2025-01-08,22:29:47,-08:00,2025-01-08T22:29:47-08:00,0,0
style.css,92,css,664aaebe,nisharonn,2025-01-08,22:29:47,-08:00,2025-01-08T22:29:47-08:00,0,0
style.css,93,css,ab34b3d8,nisharonn,2025-01-16,01:52:54,-08:00,2025-01-16T01:52:54-08:00,0,7
style.css,94,css,ab34b3d8,nisharonn,2025-01-16,01:52:54,-08:00,2025-01-16T01:52:54-08:00,0,19
style.css,95,css,ab34b3d8,nisharonn,2025-01-16,01:52:54,-08:00,2025-01-16T01:52:54-08:00,0,0
style.css,96,css,ab34b3d8,nisharonn,2025-01-16,01:52:54,-08:00,2025-01-16T01:52:54-08:00,0,0
style.css,97,css,ab34b3d8,nisharonn,2025-01-16,01:52:54,-08:00,2025-01-16T01:52:54-08:00,0,10
style.css,98,css,ab34b3d8,nisharonn,2025-01-16,01:52:54,-08:00,2025-01-16T01:52:54-08:00,0,13
style.css,99,css,ab34b3d8,nisharonn,2025-01-16,01:52:54,-08:00,2025-01-16T01:52:54-08:00,0,59
style.css,100,css,d087eab1,nisharonn,2025-01-30,22:53:46,-08:00,2025-01-30T22:53:46-08:00,0,8
style.css,101,css,ab34b3d8,nisharonn,2025-01-16,01:52:54,-08:00,2025-01-16T01:52:54-08:00,0,0
style.css,102,css,ab34b3d8,nisharonn,2025-01-16,01:52:54,-08:00,2025-01-16T01:52:54-08:00,0,0
style.css,103,css,ab34b3d8,nisharonn,2025-01-16,01:52:54,-08:00,2025-01-16T01:52:54-08:00,0,8
style.css,104,css,ab34b3d8,nisharonn,2025-01-16,01:52:54,-08:00,2025-01-16T01:52:54-08:00,0,13
style.css,105,css,ab34b3d8,nisharonn,2025-01-16,01:52:54,-08:00,2025-01-16T01:52:54-08:00,0,27
style.css,106,css,ab34b3d8,nisharonn,2025-01-16,01:52:54,-08:00,2025-01-16T01:52:54-08:00,0,16
style.css,107,css,ab34b3d8,nisharonn,2025-01-16,01:52:54,-08:00,2025-01-16T01:52:54-08:00,0,8
style.css,108,css,ab34b3d8,nisharonn,2025-01-16,01:52:54,-08:00,2025-01-16T01:52:54-08:00,0,13
style.css,109,css,ab34b3d8,nisharonn,2025-01-16,01:52:54,-08:00,2025-01-16T01:52:54-08:00,0,0
style.css,110,css,ab34b3d8,nisharonn,2025-01-16,01:52:54,-08:00,2025-01-16T01:52:54-08:00,0,3
style.css,111,css,ab34b3d8,nisharonn,2025-01-16,01:52:54,-08:00,2025-01-16T01:52:54-08:00,0,9
style.css,112,css,ab34b3d8,nisharonn,2025-01-16,01:52:54,-08:00,2025-01-16T01:52:54-08:00,0,0
style.css,113,css,ab34b3d8,nisharonn,2025-01-16,01:52:54,-08:00,2025-01-16T01:52:54-08:00,0,0
style.css,114,css,ab34b3d8,nisharonn,2025-01-16,01:52:54,-08:00,2025-01-16T01:52:54-08:00,0,0
style.css,115,css,ab34b3d8,nisharonn,2025-01-16,01:52:54,-08:00,2025-01-16T01:52:54-08:00,0,0
style.css,116,css,d087eab1,nisharonn,2025-01-30,22:53:46,-08:00,2025-01-30T22:53:46-08:00,0,12
style.css,117,css,d087eab1,nisharonn,2025-01-30,22:53:46,-08:00,2025-01-30T22:53:46-08:00,0,11
style.css,118,css,d087eab1,nisharonn,2025-01-30,22:53:46,-08:00,2025-01-30T22:53:46-08:00,0,13
style.css,119,css,d087eab1,nisharonn,2025-01-30,22:53:46,-08:00,2025-01-30T22:53:46-08:00,0,17
style.css,120,css,d087eab1,nisharonn,2025-01-30,22:53:46,-08:00,2025-01-30T22:53:46-08:00,0,0
style.css,121,css,d087eab1,nisharonn,2025-01-30,22:53:46,-08:00,2025-01-30T22:53:46-08:00,0,0
style.css,122,css,d087eab1,nisharonn,2025-01-30,22:53:46,-08:00,2025-01-30T22:53:46-08:00,0,0
style.css,123,css,ab34b3d8,nisharonn,2025-01-16,01:52:54,-08:00,2025-01-16T01:52:54-08:00,0,3
style.css,124,css,ab34b3d8,nisharonn,2025-01-16,01:52:54,-08:00,2025-01-16T01:52:54-08:00,0,15
style.css,125,css,ab34b3d8,nisharonn,2025-01-16,01:52:54,-08:00,2025-01-16T01:52:54-08:00,0,0
style.css,126,css,ab34b3d8,nisharonn,2025-01-16,01:52:54,-08:00,2025-01-16T01:52:54-08:00,0,0
style.css,127,css,ab34b3d8,nisharonn,2025-01-16,01:52:54,-08:00,2025-01-16T01:52:54-08:00,0,23
style.css,128,css,ab34b3d8,nisharonn,2025-01-16,01:52:54,-08:00,2025-01-16T01:52:54-08:00,0,16
style.css,129,css,ab34b3d8,nisharonn,2025-01-16,01:52:54,-08:00,2025-01-16T01:52:54-08:00,0,18
style.css,130,css,664aaebe,nisharonn,2025-01-08,22:29:47,-08:00,2025-01-08T22:29:47-08:00,0,0
style.css,131,css,1afe3beb,nisharonn,2025-01-22,22:24:47,-08:00,2025-01-22T22:24:47-08:00,0,0
style.css,132,css,1afe3beb,nisharonn,2025-01-22,22:24:47,-08:00,2025-01-22T22:24:47-08:00,0,0
style.css,133,css,1afe3beb,nisharonn,2025-01-22,22:24:47,-08:00,2025-01-22T22:24:47-08:00,0,19
style.css,134,css,1afe3beb,nisharonn,2025-01-22,22:24:47,-08:00,2025-01-22T22:24:47-08:00,0,18
style.css,135,css,1afe3beb,nisharonn,2025-01-22,22:24:47,-08:00,2025-01-22T22:24:47-08:00,0,11
style.css,136,css,1afe3beb,nisharonn,2025-01-22,22:24:47,-08:00,2025-01-22T22:24:47-08:00,0,12
style.css,137,css,1afe3beb,nisharonn,2025-01-22,22:24:47,-08:00,2025-01-22T22:24:47-08:00,0,14
style.css,138,css,1afe3beb,nisharonn,2025-01-22,22:24:47,-08:00,2025-01-22T22:24:47-08:00,0,0
style.css,139,css,1afe3beb,nisharonn,2025-01-22,22:24:47,-08:00,2025-01-22T22:24:47-08:00,0,0
style.css,140,css,1afe3beb,nisharonn,2025-01-22,22:24:47,-08:00,2025-01-22T22:24:47-08:00,0,7
style.css,141,css,1afe3beb,nisharonn,2025-01-22,22:24:47,-08:00,2025-01-22T22:24:47-08:00,0,14
style.css,142,css,1afe3beb,nisharonn,2025-01-22,22:24:47,-08:00,2025-01-22T22:24:47-08:00,0,20
style.css,143,css,d087eab1,nisharonn,2025-01-30,22:53:46,-08:00,2025-01-30T22:53:46-08:00,0,0
style.css,144,css,d087eab1,nisharonn,2025-01-30,22:53:46,-08:00,2025-01-30T22:53:46-08:00,0,0
style.css,145,css,d087eab1,nisharonn,2025-01-30,22:53:46,-08:00,2025-01-30T22:53:46-08:00,0,18
style.css,146,css,d087eab1,nisharonn,2025-01-30,22:53:46,-08:00,2025-01-30T22:53:46-08:00,0,13
style.css,147,css,d087eab1,nisharonn,2025-01-30,22:53:46,-08:00,2025-01-30T22:53:46-08:00,0,37
style.css,148,css,d087eab1,nisharonn,2025-01-30,22:53:46,-08:00,2025-01-30T22:53:46-08:00,0,9
style.css,149,css,d087eab1,nisharonn,2025-01-30,22:53:46,-08:00,2025-01-30T22:53:46-08:00,0,0
style.css,150,css,d087eab1,nisharonn,2025-01-30,22:53:46,-08:00,2025-01-30T22:53:46-08:00,0,0
style.css,151,css,d087eab1,nisharonn,2025-01-30,22:53:46,-08:00,2025-01-30T22:53:46-08:00,0,37
style.css,152,css,d087eab1,nisharonn,2025-01-30,22:53:46,-08:00,2025-01-30T22:53:46-08:00,0,19
style.css,153,css,d087eab1,nisharonn,2025-01-30,22:53:46,-08:00,2025-01-30T22:53:46-08:00,0,9
style.css,154,css,d087eab1,nisharonn,2025-01-30,22:53:46,-08:00,2025-01-30T22:53:46-08:00,0,0
style.css,155,css,d087eab1,nisharonn,2025-01-30,22:53:46,-08:00,2025-01-30T22:53:46-08:00,0,0
style.css,156,css,d087eab1,nisharonn,2025-01-30,22:53:46,-08:00,2025-01-30T22:53:46-08:00,0,18
style.css,157,css,d087eab1,nisharonn,2025-01-30,22:53:46,-08:00,2025-01-30T22:53:46-08:00,0,17
style.css,158,css,d087eab1,nisharonn,2025-01-30,22:53:46,-08:00,2025-01-30T22:53:46-08:00,0,0
style.css,159,css,d087eab1,nisharonn,2025-01-30,22:53:46,-08:00,2025-01-30T22:53:46-08:00,0,0
style.css,160,css,f2d1c244,nisharonn,2025-02-08,21:10:58,-08:00,2025-02-08T21:10:58-08:00,0,0
style.css,161,css,f2d1c244,nisharonn,2025-02-08,21:10:58,-08:00,2025-02-08T21:10:58-08:00,0,14
style.css,162,css,f2d1c244,nisharonn,2025-02-08,21:10:58,-08:00,2025-02-08T21:10:58-08:00,0,38
style.css,163,css,f2d1c244,nisharonn,2025-02-08,21:10:58,-08:00,2025-02-08T21:10:58-08:00,0,18
style.css,164,css,f2d1c244,nisharonn,2025-02-08,21:10:58,-08:00,2025-02-08T21:10:58-08:00,0,16
style.css,165,css,f2d1c244,nisharonn,2025-02-08,21:10:58,-08:00,2025-02-08T21:10:58-08:00,0,0
style.css,166,css,f2d1c244,nisharonn,2025-02-08,21:10:58,-08:00,2025-02-08T21:10:58-08:00,0,0
style.css,167,css,f2d1c244,nisharonn,2025-02-08,21:10:58,-08:00,2025-02-08T21:10:58-08:00,0,17
style.css,168,css,f2d1c244,nisharonn,2025-02-08,21:10:58,-08:00,2025-02-08T21:10:58-08:00,0,13
style.css,169,css,f2d1c244,nisharonn,2025-02-08,21:10:58,-08:00,2025-02-08T21:10:58-08:00,0,22
style.css,170,css,f2d1c244,nisharonn,2025-02-08,21:10:58,-08:00,2025-02-08T21:10:58-08:00,0,12
style.css,171,css,f2d1c244,nisharonn,2025-02-08,21:10:58,-08:00,2025-02-08T21:10:58-08:00,0,0
style.css,172,css,f2d1c244,nisharonn,2025-02-08,21:10:58,-08:00,2025-02-08T21:10:58-08:00,0,0
style.css,173,css,f2d1c244,nisharonn,2025-02-08,21:10:58,-08:00,2025-02-08T21:10:58-08:00,0,19
style.css,174,css,f2d1c244,nisharonn,2025-02-08,21:10:58,-08:00,2025-02-08T21:10:58-08:00,0,15
style.css,175,css,f2d1c244,nisharonn,2025-02-08,21:10:58,-08:00,2025-02-08T21:10:58-08:00,0,17
style.css,176,css,f2d1c244,nisharonn,2025-02-08,21:10:58,-08:00,2025-02-08T21:10:58-08:00,0,17
style.css,177,css,f2d1c244,nisharonn,2025-02-08,21:10:58,-08:00,2025-02-08T21:10:58-08:00,0,0
style.css,178,css,f2d1c244,nisharonn,2025-02-08,21:10:58,-08:00,2025-02-08T21:10:58-08:00,0,0
style.css,179,css,f2d1c244,nisharonn,2025-02-08,21:10:58,-08:00,2025-02-08T21:10:58-08:00,0,8
style.css,180,css,f2d1c244,nisharonn,2025-02-08,21:10:58,-08:00,2025-02-08T21:10:58-08:00,0,13
style.css,181,css,f2d1c244,nisharonn,2025-02-08,21:10:58,-08:00,2025-02-08T21:10:58-08:00,0,60
style.css,182,css,f2d1c244,nisharonn,2025-02-08,21:10:58,-08:00,2025-02-08T21:10:58-08:00,0,8
style.css,183,css,f2d1c244,nisharonn,2025-02-08,21:10:58,-08:00,2025-02-08T21:10:58-08:00,0,22
style.css,184,css,f2d1c244,nisharonn,2025-02-08,21:10:58,-08:00,2025-02-08T21:10:58-08:00,0,13
style.css,185,css,f2d1c244,nisharonn,2025-02-08,21:10:58,-08:00,2025-02-08T21:10:58-08:00,0,18
style.css,186,css,f2d1c244,nisharonn,2025-02-08,21:10:58,-08:00,2025-02-08T21:10:58-08:00,0,7
style.css,187,css,f2d1c244,nisharonn,2025-02-08,21:10:58,-08:00,2025-02-08T21:10:58-08:00,0,0
style.css,188,css,f2d1c244,nisharonn,2025-02-08,21:10:58,-08:00,2025-02-08T21:10:58-08:00,0,0
style.css,189,css,f2d1c244,nisharonn,2025-02-08,21:10:58,-08:00,2025-02-08T21:10:58-08:00,0,14
style.css,190,css,f2d1c244,nisharonn,2025-02-08,21:10:58,-08:00,2025-02-08T21:10:58-08:00,0,13
style.css,191,css,f2d1c244,nisharonn,2025-02-08,21:10:58,-08:00,2025-02-08T21:10:58-08:00,0,19
style.css,192,css,f2d1c244,nisharonn,2025-02-08,21:10:58,-08:00,2025-02-08T21:10:58-08:00,0,10
style.css,193,css,f2d1c244,nisharonn,2025-02-08,21:10:58,-08:00,2025-02-08T21:10:58-08:00,0,0
style.css,194,css,f2d1c244,nisharonn,2025-02-08,21:10:58,-08:00,2025-02-08T21:10:58-08:00,0,0
style.css,195,css,f2d1c244,nisharonn,2025-02-08,21:10:58,-08:00,2025-02-08T21:10:58-08:00,0,8
style.css,196,css,f2d1c244,nisharonn,2025-02-08,21:10:58,-08:00,2025-02-08T21:10:58-08:00,0,11
style.css,197,css,f2d1c244,nisharonn,2025-02-08,21:10:58,-08:00,2025-02-08T21:10:58-08:00,0,12
style.css,198,css,f2d1c244,nisharonn,2025-02-08,21:10:58,-08:00,2025-02-08T21:10:58-08:00,0,19
style.css,199,css,f2d1c244,nisharonn,2025-02-08,21:10:58,-08:00,2025-02-08T21:10:58-08:00,0,30
style.css,200,css,f2d1c244,nisharonn,2025-02-08,21:10:58,-08:00,2025-02-08T21:10:58-08:00,0,20
style.css,201,css,f2d1c244,nisharonn,2025-02-08,21:10:58,-08:00,2025-02-08T21:10:58-08:00,0,18
style.css,202,css,f2d1c244,nisharonn,2025-02-08,21:10:58,-08:00,2025-02-08T21:10:58-08:00,0,0
style.css,203,css,f2d1c244,nisharonn,2025-02-08,21:10:58,-08:00,2025-02-08T21:10:58-08:00,0,0
style.css,204,css,f2d1c244,nisharonn,2025-02-08,21:10:58,-08:00,2025-02-08T21:10:58-08:00,0,18
style.css,205,css,f2d1c244,nisharonn,2025-02-08,21:10:58,-08:00,2025-02-08T21:10:58-08:00,0,13
style.css,206,css,f2d1c244,nisharonn,2025-02-08,21:10:58,-08:00,2025-02-08T21:10:58-08:00,0,19
style.css,207,css,f2d1c244,nisharonn,2025-02-08,21:10:58,-08:00,2025-02-08T21:10:58-08:00,0,7
style.css,208,css,f2d1c244,nisharonn,2025-02-08,21:10:58,-08:00,2025-02-08T21:10:58-08:00,0,8
style.css,209,css,f2d1c244,nisharonn,2025-02-08,21:10:58,-08:00,2025-02-08T21:10:58-08:00,0,0
style.css,210,css,f2d1c244,nisharonn,2025-02-08,21:10:58,-08:00,2025-02-08T21:10:58-08:00,0,0
style.css,211,css,f2d1c244,nisharonn,2025-02-08,21:10:58,-08:00,2025-02-08T21:10:58-08:00,0,0
style.css,212,css,f2d1c244,nisharonn,2025-02-08,21:10:58,-08:00,2025-02-08T21:10:58-08:00,0,18
style.css,213,css,f2d1c244,nisharonn,2025-02-08,21:10:58,-08:00,2025-02-08T21:10:58-08:00,0,17
style.css,214,css,f2d1c244,nisharonn,2025-02-08,21:10:58,-08:00,2025-02-08T21:10:58-08:00,0,12
style.css,215,css,f2d1c244,nisharonn,2025-02-08,21:10:58,-08:00,2025-02-08T21:10:58-08:00,0,0
style.css,216,css,f2d1c244,nisharonn,2025-02-08,21:10:58,-08:00,2025-02-08T21:10:58-08:00,0,0
style.css,217,css,f2d1c244,nisharonn,2025-02-08,21:10:58,-08:00,2025-02-08T21:10:58-08:00,0,0
style.css,218,css,f2d1c244,nisharonn,2025-02-08,21:10:58,-08:00,2025-02-08T21:10:58-08:00,0,5
style.css,219,css,f2d1c244,nisharonn,2025-02-08,21:10:58,-08:00,2025-02-08T21:10:58-08:00,0,17
style.css,220,css,f2d1c244,nisharonn,2025-02-08,21:10:58,-08:00,2025-02-08T21:10:58-08:00,0,0
style.css,221,css,f2d1c244,nisharonn,2025-02-08,21:10:58,-08:00,2025-02-08T21:10:58-08:00,0,0
style.css,222,css,f2d1c244,nisharonn,2025-02-08,21:10:58,-08:00,2025-02-08T21:10:58-08:00,0,10
style.css,223,css,f2d1c244,nisharonn,2025-02-08,21:10:58,-08:00,2025-02-08T21:10:58-08:00,0,81
style.css,224,css,f2d1c244,nisharonn,2025-02-08,21:10:58,-08:00,2025-02-08T21:10:58-08:00,0,0
style.css,225,css,f2d1c244,nisharonn,2025-02-08,21:10:58,-08:00,2025-02-08T21:10:58-08:00,0,0
style.css,226,css,f2d1c244,nisharonn,2025-02-08,21:10:58,-08:00,2025-02-08T21:10:58-08:00,0,19
style.css,227,css,f2d1c244,nisharonn,2025-02-08,21:10:58,-08:00,2025-02-08T21:10:58-08:00,0,18
style.css,228,css,f2d1c244,nisharonn,2025-02-08,21:10:58,-08:00,2025-02-08T21:10:58-08:00,0,0
style.css,229,css,f2d1c244,nisharonn,2025-02-08,21:10:58,-08:00,2025-02-08T21:10:58-08:00,0,0
style.css,230,css,f2d1c244,nisharonn,2025-02-08,21:10:58,-08:00,2025-02-08T21:10:58-08:00,0,5
style.css,231,css,f2d1c244,nisharonn,2025-02-08,21:10:58,-08:00,2025-02-08T21:10:58-08:00,0,15
style.css,232,css,f2d1c244,nisharonn,2025-02-08,21:10:58,-08:00,2025-02-08T21:10:58-08:00,0,0
style.css,233,css,f2d1c244,nisharonn,2025-02-08,21:10:58,-08:00,2025-02-08T21:10:58-08:00,0,0
style.css,234,css,f2d1c244,nisharonn,2025-02-08,21:10:58,-08:00,2025-02-08T21:10:58-08:00,0,11
style.css,235,css,f2d1c244,nisharonn,2025-02-08,21:10:58,-08:00,2025-02-08T21:10:58-08:00,0,21
style.css,236,css,f2d1c244,nisharonn,2025-02-08,21:10:58,-08:00,2025-02-08T21:10:58-08:00,0,0
style.css,237,css,f2d1c244,nisharonn,2025-02-08,21:10:58,-08:00,2025-02-08T21:10:58-08:00,0,0
style.css,238,css,f2d1c244,nisharonn,2025-02-08,21:10:58,-08:00,2025-02-08T21:10:58-08:00,0,0
index.js,1,js,d087eab1,nisharonn,2025-01-30,22:53:46,-08:00,2025-01-30T22:53:46-08:00,0,72
index.js,2,js,d087eab1,nisharonn,2025-01-30,22:53:46,-08:00,2025-01-30T22:53:46-08:00,0,0
index.js,3,js,d087eab1,nisharonn,2025-01-30,22:53:46,-08:00,2025-01-30T22:53:46-08:00,0,36
index.js,4,js,d087eab1,nisharonn,2025-01-30,22:53:46,-08:00,2025-01-30T22:53:46-08:00,0,4
index.js,5,js,d087eab1,nisharonn,2025-01-30,22:53:46,-08:00,2025-01-30T22:53:46-08:00,0,55
index.js,6,js,d087eab1,nisharonn,2025-01-30,22:53:46,-08:00,2025-01-30T22:53:46-08:00,0,43
index.js,7,js,d087eab1,nisharonn,2025-01-30,22:53:46,-08:00,2025-01-30T22:53:46-08:00,0,0
index.js,8,js,d087eab1,nisharonn,2025-01-30,22:53:46,-08:00,2025-01-30T22:53:46-08:00,0,61
index.js,9,js,d087eab1,nisharonn,2025-01-30,22:53:46,-08:00,2025-01-30T22:53:46-08:00,0,55
index.js,10,js,d087eab1,nisharonn,2025-01-30,22:53:46,-08:00,2025-01-30T22:53:46-08:00,0,0
index.js,11,js,d087eab1,nisharonn,2025-01-30,22:53:46,-08:00,2025-01-30T22:53:46-08:00,0,16
index.js,12,js,d087eab1,nisharonn,2025-01-30,22:53:46,-08:00,2025-01-30T22:53:46-08:00,0,47
index.js,13,js,d087eab1,nisharonn,2025-01-30,22:53:46,-08:00,2025-01-30T22:53:46-08:00,0,0
index.js,14,js,d087eab1,nisharonn,2025-01-30,22:53:46,-08:00,2025-01-30T22:53:46-08:00,0,0
index.js,15,js,d087eab1,nisharonn,2025-01-30,22:53:46,-08:00,2025-01-30T22:53:46-08:00,0,0
index.js,16,js,d087eab1,nisharonn,2025-01-30,22:53:46,-08:00,2025-01-30T22:53:46-08:00,0,20
index.js,17,js,d087eab1,nisharonn,2025-01-30,22:53:46,-08:00,2025-01-30T22:53:46-08:00,0,0
index.js,18,js,d087eab1,nisharonn,2025-01-30,22:53:46,-08:00,2025-01-30T22:53:46-08:00,0,53
index.js,19,js,d087eab1,nisharonn,2025-01-30,22:53:46,-08:00,2025-01-30T22:53:46-08:00,0,61
index.js,20,js,d087eab1,nisharonn,2025-01-30,22:53:46,-08:00,2025-01-30T22:53:46-08:00,0,18
index.js,21,js,d087eab1,nisharonn,2025-01-30,22:53:46,-08:00,2025-01-30T22:53:46-08:00,0,25
index.js,22,js,d087eab1,nisharonn,2025-01-30,22:53:46,-08:00,2025-01-30T22:53:46-08:00,0,3
index.js,23,js,d087eab1,nisharonn,2025-01-30,22:53:46,-08:00,2025-01-30T22:53:46-08:00,0,56
index.js,24,js,d087eab1,nisharonn,2025-01-30,22:53:46,-08:00,2025-01-30T22:53:46-08:00,0,56
index.js,25,js,d087eab1,nisharonn,2025-01-30,22:53:46,-08:00,2025-01-30T22:53:46-08:00,0,50
index.js,26,js,d087eab1,nisharonn,2025-01-30,22:53:46,-08:00,2025-01-30T22:53:46-08:00,0,50
index.js,27,js,d087eab1,nisharonn,2025-01-30,22:53:46,-08:00,2025-01-30T22:53:46-08:00,0,4
index.js,28,js,d087eab1,nisharonn,2025-01-30,22:53:46,-08:00,2025-01-30T22:53:46-08:00,0,1
index.js,29,js,d087eab1,nisharonn,2025-01-30,22:53:46,-08:00,2025-01-30T22:53:46-08:00,0,0
index.html,1,html,49f01aab,nisharonn,2025-01-08,22:18:41,-08:00,2025-01-08T22:18:41-08:00,0,14
index.html,2,html,1e683720,nisharonn,2025-01-23,13:16:25,-08:00,2025-01-23T13:16:25-08:00,0,28
index.html,3,html,49f01aab,nisharonn,2025-01-08,22:18:41,-08:00,2025-01-08T22:18:41-08:00,0,5
index.html,4,html,49f01aab,nisharonn,2025-01-08,22:18:41,-08:00,2025-01-08T22:18:41-08:00,0,21
index.html,5,html,49f01aab,nisharonn,2025-01-08,22:18:41,-08:00,2025-01-08T22:18:41-08:00,0,69
index.html,6,html,5f70d116,nisharonn,2025-01-08,22:27:00,-08:00,2025-01-08T22:27:00-08:00,0,54
index.html,7,html,5f70d116,nisharonn,2025-01-08,22:27:00,-08:00,2025-01-08T22:27:00-08:00,0,41
index.html,8,html,1afe3beb,nisharonn,2025-01-22,22:24:47,-08:00,2025-01-22T22:24:47-08:00,0,46
index.html,9,html,d087eab1,nisharonn,2025-01-30,22:53:46,-08:00,2025-01-30T22:53:46-08:00,0,51
index.html,10,html,d087eab1,nisharonn,2025-01-30,22:53:46,-08:00,2025-01-30T22:53:46-08:00,0,0
index.html,11,html,1afe3beb,nisharonn,2025-01-22,22:24:47,-08:00,2025-01-22T22:24:47-08:00,0,9
index.html,12,html,ab34b3d8,nisharonn,2025-01-16,01:52:54,-08:00,2025-01-16T01:52:54-08:00,0,3
index.html,13,html,1afe3beb,nisharonn,2025-01-22,22:24:47,-08:00,2025-01-22T22:24:47-08:00,0,41
index.html,14,html,ab34b3d8,nisharonn,2025-01-16,01:52:54,-08:00,2025-01-16T01:52:54-08:00,0,54
index.html,15,html,dec50bc7,nisharonn,2025-01-17,18:53:50,-08:00,2025-01-17T18:53:50-08:00,0,50
index.html,16,html,dec50bc7,nisharonn,2025-01-17,18:53:50,-08:00,2025-01-17T18:53:50-08:00,0,52
index.html,17,html,ab34b3d8,nisharonn,2025-01-16,01:52:54,-08:00,2025-01-16T01:52:54-08:00,0,75
index.html,18,html,ab34b3d8,nisharonn,2025-01-16,01:52:54,-08:00,2025-01-16T01:52:54-08:00,0,4
index.html,19,html,1afe3beb,nisharonn,2025-01-22,22:24:47,-08:00,2025-01-22T22:24:47-08:00,0,9
index.html,20,html,49f01aab,nisharonn,2025-01-08,22:18:41,-08:00,2025-01-08T22:18:41-08:00,0,6
index.html,21,html,ab34b3d8,nisharonn,2025-01-16,01:52:54,-08:00,2025-01-16T01:52:54-08:00,0,12
index.html,22,html,5f70d116,nisharonn,2025-01-08,22:27:00,-08:00,2025-01-08T22:27:00-08:00,0,19
index.html,23,html,dec50bc7,nisharonn,2025-01-17,18:53:50,-08:00,2025-01-17T18:53:50-08:00,0,75
index.html,24,html,d087eab1,nisharonn,2025-01-30,22:53:46,-08:00,2025-01-30T22:53:46-08:00,0,0
index.html,25,html,d087eab1,nisharonn,2025-01-30,22:53:46,-08:00,2025-01-30T22:53:46-08:00,0,3
index.html,26,html,d087eab1,nisharonn,2025-01-30,22:53:46,-08:00,2025-01-30T22:53:46-08:00,0,0
index.html,27,html,d087eab1,nisharonn,2025-01-30,22:53:46,-08:00,2025-01-30T22:53:46-08:00,0,24
index.html,28,html,d087eab1,nisharonn,2025-01-30,22:53:46,-08:00,2025-01-30T22:53:46-08:00,0,23
index.html,29,html,d087eab1,nisharonn,2025-01-30,22:53:46,-08:00,2025-01-30T22:53:46-08:00,0,5
index.html,30,html,d087eab1,nisharonn,2025-01-30,22:53:46,-08:00,2025-01-30T22:53:46-08:00,0,0
index.html,31,html,d087eab1,nisharonn,2025-01-30,22:53:46,-08:00,2025-01-30T22:53:46-08:00,0,3
index.html,32,html,d087eab1,nisharonn,2025-01-30,22:53:46,-08:00,2025-01-30T22:53:46-08:00,0,0
index.html,33,html,d087eab1,nisharonn,2025-01-30,22:53:46,-08:00,2025-01-30T22:53:46-08:00,0,23
index.html,34,html,d087eab1,nisharonn,2025-01-30,22:53:46,-08:00,2025-01-30T22:53:46-08:00,0,21
index.html,35,html,d087eab1,nisharonn,2025-01-30,22:53:46,-08:00,2025-01-30T22:53:46-08:00,0,50
index.html,36,html,d087eab1,nisharonn,2025-01-30,22:53:46,-08:00,2025-01-30T22:53:46-08:00,0,5
index.html,37,html,dec50bc7,nisharonn,2025-01-17,18:53:50,-08:00,2025-01-17T18:53:50-08:00,0,0
index.html,38,html,245ac19b,nisharonn,2025-01-10,13:45:25,-08:00,2025-01-10T13:45:25-08:00,0,87
index.html,39,html,bf94f4ff,nisharonn,2025-01-10,23:40:02,-08:00,2025-01-10T23:40:02-08:00,0,120
index.html,40,html,f2d1c244,nisharonn,2025-02-08,21:10:58,-08:00,2025-02-08T21:10:58-08:00,0,0
index.html,41,html,49f01aab,nisharonn,2025-01-08,22:18:41,-08:00,2025-01-08T22:18:41-08:00,0,6
index.html,42,html,49f01aab,nisharonn,2025-01-08,22:18:41,-08:00,2025-01-08T22:18:41-08:00,0,6
global.js,1,js,1afe3beb,nisharonn,2025-01-22,22:24:47,-08:00,2025-01-22T22:24:47-08:00,0,26
global.js,2,js,1afe3beb,nisharonn,2025-01-22,22:24:47,-08:00,2025-01-22T22:24:47-08:00,0,0
global.js,3,js,1afe3beb,nisharonn,2025-01-22,22:24:47,-08:00,2025-01-22T22:24:47-08:00,0,42
global.js,4,js,1afe3beb,nisharonn,2025-01-22,22:24:47,-08:00,2025-01-22T22:24:47-08:00,0,53
global.js,5,js,1afe3beb,nisharonn,2025-01-22,22:24:47,-08:00,2025-01-22T22:24:47-08:00,0,0
global.js,6,js,1afe3beb,nisharonn,2025-01-22,22:24:47,-08:00,2025-01-22T22:24:47-08:00,0,0
global.js,7,js,1afe3beb,nisharonn,2025-01-22,22:24:47,-08:00,2025-01-22T22:24:47-08:00,0,31
global.js,8,js,1afe3beb,nisharonn,2025-01-22,22:24:47,-08:00,2025-01-22T22:24:47-08:00,0,0
global.js,9,js,1afe3beb,nisharonn,2025-01-22,22:24:47,-08:00,2025-01-22T22:24:47-08:00,0,34
global.js,10,js,1afe3beb,nisharonn,2025-01-22,22:24:47,-08:00,2025-01-22T22:24:47-08:00,0,73
global.js,11,js,1afe3beb,nisharonn,2025-01-22,22:24:47,-08:00,2025-01-22T22:24:47-08:00,0,4
global.js,12,js,1afe3beb,nisharonn,2025-01-22,22:24:47,-08:00,2025-01-22T22:24:47-08:00,0,0
global.js,13,js,1afe3beb,nisharonn,2025-01-22,22:24:47,-08:00,2025-01-22T22:24:47-08:00,0,40
global.js,14,js,1afe3beb,nisharonn,2025-01-22,22:24:47,-08:00,2025-01-22T22:24:47-08:00,0,0
global.js,15,js,1afe3beb,nisharonn,2025-01-22,22:24:47,-08:00,2025-01-22T22:24:47-08:00,0,71
global.js,16,js,1afe3beb,nisharonn,2025-01-22,22:24:47,-08:00,2025-01-22T22:24:47-08:00,0,0
global.js,17,js,1afe3beb,nisharonn,2025-01-22,22:24:47,-08:00,2025-01-22T22:24:47-08:00,0,0
global.js,18,js,1afe3beb,nisharonn,2025-01-22,22:24:47,-08:00,2025-01-22T22:24:47-08:00,0,12
global.js,19,js,1afe3beb,nisharonn,2025-01-22,22:24:47,-08:00,2025-01-22T22:24:47-08:00,0,26
global.js,20,js,1afe3beb,nisharonn,2025-01-22,22:24:47,-08:00,2025-01-22T22:24:47-08:00,0,39
global.js,21,js,1afe3beb,nisharonn,2025-01-22,22:24:47,-08:00,2025-01-22T22:24:47-08:00,0,35
global.js,22,js,1afe3beb,nisharonn,2025-01-22,22:24:47,-08:00,2025-01-22T22:24:47-08:00,0,37
global.js,23,js,1e521f08,nisharonn,2025-02-12,00:02:55,-08:00,2025-02-12T00:02:55-08:00,0,31
global.js,24,js,1afe3beb,nisharonn,2025-01-22,22:24:47,-08:00,2025-01-22T22:24:47-08:00,0,56
global.js,25,js,1afe3beb,nisharonn,2025-01-22,22:24:47,-08:00,2025-01-22T22:24:47-08:00,0,1
global.js,26,js,1afe3beb,nisharonn,2025-01-22,22:24:47,-08:00,2025-01-22T22:24:47-08:00,0,0
global.js,27,js,1afe3beb,nisharonn,2025-01-22,22:24:47,-08:00,2025-01-22T22:24:47-08:00,0,39
global.js,28,js,1afe3beb,nisharonn,2025-01-22,22:24:47,-08:00,2025-01-22T22:24:47-08:00,0,25
global.js,29,js,1afe3beb,nisharonn,2025-01-22,22:24:47,-08:00,2025-01-22T22:24:47-08:00,0,0
global.js,30,js,1afe3beb,nisharonn,2025-01-22,22:24:47,-08:00,2025-01-22T22:24:47-08:00,0,21
global.js,31,js,1afe3beb,nisharonn,2025-01-22,22:24:47,-08:00,2025-01-22T22:24:47-08:00,0,15
global.js,32,js,1afe3beb,nisharonn,2025-01-22,22:24:47,-08:00,2025-01-22T22:24:47-08:00,0,19
global.js,33,js,ac137651,nisharonn,2025-01-23,13:02:17,-08:00,2025-01-23T13:02:17-08:00,0,65
global.js,34,js,1afe3beb,nisharonn,2025-01-22,22:24:47,-08:00,2025-01-22T22:24:47-08:00,0,0
global.js,35,js,1afe3beb,nisharonn,2025-01-22,22:24:47,-08:00,2025-01-22T22:24:47-08:00,0,35
global.js,36,js,1afe3beb,nisharonn,2025-01-22,22:24:47,-08:00,2025-01-22T22:24:47-08:00,0,12
global.js,37,js,1afe3beb,nisharonn,2025-01-22,22:24:47,-08:00,2025-01-22T22:24:47-08:00,0,21
global.js,38,js,1afe3beb,nisharonn,2025-01-22,22:24:47,-08:00,2025-01-22T22:24:47-08:00,0,12
global.js,39,js,1afe3beb,nisharonn,2025-01-22,22:24:47,-08:00,2025-01-22T22:24:47-08:00,0,0
global.js,40,js,1afe3beb,nisharonn,2025-01-22,22:24:47,-08:00,2025-01-22T22:24:47-08:00,0,66
global.js,41,js,1afe3beb,nisharonn,2025-01-22,22:24:47,-08:00,2025-01-22T22:24:47-08:00,0,26
global.js,42,js,1afe3beb,nisharonn,2025-01-22,22:24:47,-08:00,2025-01-22T22:24:47-08:00,0,0
global.js,43,js,1afe3beb,nisharonn,2025-01-22,22:24:47,-08:00,2025-01-22T22:24:47-08:00,0,29
global.js,44,js,1afe3beb,nisharonn,2025-01-22,22:24:47,-08:00,2025-01-22T22:24:47-08:00,0,19
global.js,45,js,1afe3beb,nisharonn,2025-01-22,22:24:47,-08:00,2025-01-22T22:24:47-08:00,0,0
global.js,46,js,1afe3beb,nisharonn,2025-01-22,22:24:47,-08:00,2025-01-22T22:24:47-08:00,0,0
global.js,47,js,1afe3beb,nisharonn,2025-01-22,22:24:47,-08:00,2025-01-22T22:24:47-08:00,0,0
global.js,48,js,1afe3beb,nisharonn,2025-01-22,22:24:47,-08:00,2025-01-22T22:24:47-08:00,0,0
global.js,49,js,1afe3beb,nisharonn,2025-01-22,22:24:47,-08:00,2025-01-22T22:24:47-08:00,0,32
global.js,50,js,1afe3beb,nisharonn,2025-01-22,22:24:47,-08:00,2025-01-22T22:24:47-08:00,0,12
global.js,51,js,1afe3beb,nisharonn,2025-01-22,22:24:47,-08:00,2025-01-22T22:24:47-08:00,0,0
global.js,52,js,1afe3beb,nisharonn,2025-01-22,22:24:47,-08:00,2025-01-22T22:24:47-08:00,0,27
global.js,53,js,1afe3beb,nisharonn,2025-01-22,22:24:47,-08:00,2025-01-22T22:24:47-08:00,0,5
global.js,54,js,1afe3beb,nisharonn,2025-01-22,22:24:47,-08:00,2025-01-22T22:24:47-08:00,0,7
global.js,55,js,1afe3beb,nisharonn,2025-01-22,22:24:47,-08:00,2025-01-22T22:24:47-08:00,0,121
global.js,56,js,1afe3beb,nisharonn,2025-01-22,22:24:47,-08:00,2025-01-22T22:24:47-08:00,0,35
global.js,57,js,1afe3beb,nisharonn,2025-01-22,22:24:47,-08:00,2025-01-22T22:24:47-08:00,0,33
global.js,58,js,1afe3beb,nisharonn,2025-01-22,22:24:47,-08:00,2025-01-22T22:24:47-08:00,0,8
global.js,59,js,1afe3beb,nisharonn,2025-01-22,22:24:47,-08:00,2025-01-22T22:24:47-08:00,0,7
global.js,60,js,1afe3beb,nisharonn,2025-01-22,22:24:47,-08:00,2025-01-22T22:24:47-08:00,0,0
global.js,61,js,1afe3beb,nisharonn,2025-01-22,22:24:47,-08:00,2025-01-22T22:24:47-08:00,0,1
global.js,62,js,1afe3beb,nisharonn,2025-01-22,22:24:47,-08:00,2025-01-22T22:24:47-08:00,0,0
global.js,63,js,1afe3beb,nisharonn,2025-01-22,22:24:47,-08:00,2025-01-22T22:24:47-08:00,0,45
global.js,64,js,1afe3beb,nisharonn,2025-01-22,22:24:47,-08:00,2025-01-22T22:24:47-08:00,0,0
global.js,65,js,1afe3beb,nisharonn,2025-01-22,22:24:47,-08:00,2025-01-22T22:24:47-08:00,0,50
global.js,66,js,1afe3beb,nisharonn,2025-01-22,22:24:47,-08:00,2025-01-22T22:24:47-08:00,0,58
global.js,67,js,1afe3beb,nisharonn,2025-01-22,22:24:47,-08:00,2025-01-22T22:24:47-08:00,0,78
global.js,68,js,1afe3beb,nisharonn,2025-01-22,22:24:47,-08:00,2025-01-22T22:24:47-08:00,0,45
global.js,69,js,1afe3beb,nisharonn,2025-01-22,22:24:47,-08:00,2025-01-22T22:24:47-08:00,0,2
global.js,70,js,1afe3beb,nisharonn,2025-01-22,22:24:47,-08:00,2025-01-22T22:24:47-08:00,0,0
global.js,71,js,1afe3beb,nisharonn,2025-01-22,22:24:47,-08:00,2025-01-22T22:24:47-08:00,0,35
global.js,72,js,1afe3beb,nisharonn,2025-01-22,22:24:47,-08:00,2025-01-22T22:24:47-08:00,0,84
global.js,73,js,1afe3beb,nisharonn,2025-01-22,22:24:47,-08:00,2025-01-22T22:24:47-08:00,0,39
global.js,74,js,1afe3beb,nisharonn,2025-01-22,22:24:47,-08:00,2025-01-22T22:24:47-08:00,0,0
global.js,75,js,1afe3beb,nisharonn,2025-01-22,22:24:47,-08:00,2025-01-22T22:24:47-08:00,0,0
global.js,76,js,1afe3beb,nisharonn,2025-01-22,22:24:47,-08:00,2025-01-22T22:24:47-08:00,0,0
global.js,77,js,1afe3beb,nisharonn,2025-01-22,22:24:47,-08:00,2025-01-22T22:24:47-08:00,0,0
global.js,78,js,1afe3beb,nisharonn,2025-01-22,22:24:47,-08:00,2025-01-22T22:24:47-08:00,0,41
global.js,79,js,1afe3beb,nisharonn,2025-01-22,22:24:47,-08:00,2025-01-22T22:24:47-08:00,0,0
global.js,80,js,1afe3beb,nisharonn,2025-01-22,22:24:47,-08:00,2025-01-22T22:24:47-08:00,0,50
global.js,81,js,1afe3beb,nisharonn,2025-01-22,22:24:47,-08:00,2025-01-22T22:24:47-08:00,0,22
global.js,82,js,1afe3beb,nisharonn,2025-01-22,22:24:47,-08:00,2025-01-22T22:24:47-08:00,0,0
global.js,83,js,1afe3beb,nisharonn,2025-01-22,22:24:47,-08:00,2025-01-22T22:24:47-08:00,0,29
global.js,84,js,1afe3beb,nisharonn,2025-01-22,22:24:47,-08:00,2025-01-22T22:24:47-08:00,0,27
global.js,85,js,1afe3beb,nisharonn,2025-01-22,22:24:47,-08:00,2025-01-22T22:24:47-08:00,0,0
global.js,86,js,1afe3beb,nisharonn,2025-01-22,22:24:47,-08:00,2025-01-22T22:24:47-08:00,0,32
global.js,87,js,1afe3beb,nisharonn,2025-01-22,22:24:47,-08:00,2025-01-22T22:24:47-08:00,0,0
global.js,88,js,1afe3beb,nisharonn,2025-01-22,22:24:47,-08:00,2025-01-22T22:24:47-08:00,0,31
global.js,89,js,1afe3beb,nisharonn,2025-01-22,22:24:47,-08:00,2025-01-22T22:24:47-08:00,0,33
global.js,90,js,1afe3beb,nisharonn,2025-01-22,22:24:47,-08:00,2025-01-22T22:24:47-08:00,0,0
global.js,91,js,1afe3beb,nisharonn,2025-01-22,22:24:47,-08:00,2025-01-22T22:24:47-08:00,0,26
global.js,92,js,1afe3beb,nisharonn,2025-01-22,22:24:47,-08:00,2025-01-22T22:24:47-08:00,0,24
global.js,93,js,1afe3beb,nisharonn,2025-01-22,22:24:47,-08:00,2025-01-22T22:24:47-08:00,0,0
global.js,94,js,1afe3beb,nisharonn,2025-01-22,22:24:47,-08:00,2025-01-22T22:24:47-08:00,0,0
global.js,95,js,1afe3beb,nisharonn,2025-01-22,22:24:47,-08:00,2025-01-22T22:24:47-08:00,0,19
global.js,96,js,d087eab1,nisharonn,2025-01-30,22:53:46,-08:00,2025-01-30T22:53:46-08:00,0,2
global.js,97,js,d087eab1,nisharonn,2025-01-30,22:53:46,-08:00,2025-01-30T22:53:46-08:00,0,0
global.js,98,js,d087eab1,nisharonn,2025-01-30,22:53:46,-08:00,2025-01-30T22:53:46-08:00,0,37
global.js,99,js,d087eab1,nisharonn,2025-01-30,22:53:46,-08:00,2025-01-30T22:53:46-08:00,0,4
global.js,100,js,d087eab1,nisharonn,2025-01-30,22:53:46,-08:00,2025-01-30T22:53:46-08:00,0,40
global.js,101,js,d087eab1,nisharonn,2025-01-30,22:53:46,-08:00,2025-01-30T22:53:46-08:00,0,33
global.js,102,js,d087eab1,nisharonn,2025-01-30,22:53:46,-08:00,2025-01-30T22:53:46-08:00,0,0
global.js,103,js,d087eab1,nisharonn,2025-01-30,22:53:46,-08:00,2025-01-30T22:53:46-08:00,0,18
global.js,104,js,d087eab1,nisharonn,2025-01-30,22:53:46,-08:00,2025-01-30T22:53:46-08:00,0,67
global.js,105,js,d087eab1,nisharonn,2025-01-30,22:53:46,-08:00,2025-01-30T22:53:46-08:00,0,0
global.js,106,js,d087eab1,nisharonn,2025-01-30,22:53:46,-08:00,2025-01-30T22:53:46-08:00,0,0
global.js,107,js,d087eab1,nisharonn,2025-01-30,22:53:46,-08:00,2025-01-30T22:53:46-08:00,0,20
global.js,108,js,d087eab1,nisharonn,2025-01-30,22:53:46,-08:00,2025-01-30T22:53:46-08:00,0,0
global.js,109,js,d087eab1,nisharonn,2025-01-30,22:53:46,-08:00,2025-01-30T22:53:46-08:00,0,34
global.js,110,js,d087eab1,nisharonn,2025-01-30,22:53:46,-08:00,2025-01-30T22:53:46-08:00,0,11
global.js,111,js,d087eab1,nisharonn,2025-01-30,22:53:46,-08:00,2025-01-30T22:53:46-08:00,0,0
global.js,112,js,d087eab1,nisharonn,2025-01-30,22:53:46,-08:00,2025-01-30T22:53:46-08:00,0,0
global.js,113,js,d087eab1,nisharonn,2025-01-30,22:53:46,-08:00,2025-01-30T22:53:46-08:00,0,16
global.js,114,js,d087eab1,nisharonn,2025-01-30,22:53:46,-08:00,2025-01-30T22:53:46-08:00,0,60
global.js,115,js,d087eab1,nisharonn,2025-01-30,22:53:46,-08:00,2025-01-30T22:53:46-08:00,0,0
global.js,116,js,d087eab1,nisharonn,2025-01-30,22:53:46,-08:00,2025-01-30T22:53:46-08:00,0,0
global.js,117,js,d087eab1,nisharonn,2025-01-30,22:53:46,-08:00,2025-01-30T22:53:46-08:00,0,0
global.js,118,js,d087eab1,nisharonn,2025-01-30,22:53:46,-08:00,2025-01-30T22:53:46-08:00,0,80
global.js,119,js,d087eab1,nisharonn,2025-01-30,22:53:46,-08:00,2025-01-30T22:53:46-08:00,0,69
global.js,120,js,d087eab1,nisharonn,2025-01-30,22:53:46,-08:00,2025-01-30T22:53:46-08:00,0,52
global.js,121,js,d087eab1,nisharonn,2025-01-30,22:53:46,-08:00,2025-01-30T22:53:46-08:00,0,6
global.js,122,js,d087eab1,nisharonn,2025-01-30,22:53:46,-08:00,2025-01-30T22:53:46-08:00,0,0
global.js,123,js,d087eab1,nisharonn,2025-01-30,22:53:46,-08:00,2025-01-30T22:53:46-08:00,0,0
global.js,124,js,d087eab1,nisharonn,2025-01-30,22:53:46,-08:00,2025-01-30T22:53:46-08:00,0,44
global.js,125,js,d087eab1,nisharonn,2025-01-30,22:53:46,-08:00,2025-01-30T22:53:46-08:00,0,0
global.js,126,js,d087eab1,nisharonn,2025-01-30,22:53:46,-08:00,2025-01-30T22:53:46-08:00,0,31
global.js,127,js,d087eab1,nisharonn,2025-01-30,22:53:46,-08:00,2025-01-30T22:53:46-08:00,0,0
global.js,128,js,d087eab1,nisharonn,2025-01-30,22:53:46,-08:00,2025-01-30T22:53:46-08:00,0,38
global.js,129,js,d087eab1,nisharonn,2025-01-30,22:53:46,-08:00,2025-01-30T22:53:46-08:00,0,28
global.js,130,js,d087eab1,nisharonn,2025-01-30,22:53:46,-08:00,2025-01-30T22:53:46-08:00,0,0
global.js,131,js,d087eab1,nisharonn,2025-01-30,22:53:46,-08:00,2025-01-30T22:53:46-08:00,0,0
global.js,132,js,d087eab1,nisharonn,2025-01-30,22:53:46,-08:00,2025-01-30T22:53:46-08:00,0,0
global.js,133,js,d087eab1,nisharonn,2025-01-30,22:53:46,-08:00,2025-01-30T22:53:46-08:00,0,32
global.js,134,js,d087eab1,nisharonn,2025-01-30,22:53:46,-08:00,2025-01-30T22:53:46-08:00,0,63
global.js,135,js,d087eab1,nisharonn,2025-01-30,22:53:46,-08:00,2025-01-30T22:53:46-08:00,0,48
global.js,136,js,d087eab1,nisharonn,2025-01-30,22:53:46,-08:00,2025-01-30T22:53:46-08:00,0,76
global.js,137,js,d087eab1,nisharonn,2025-01-30,22:53:46,-08:00,2025-01-30T22:53:46-08:00,0,19
global.js,138,js,d087eab1,nisharonn,2025-01-30,22:53:46,-08:00,2025-01-30T22:53:46-08:00,0,0
global.js,139,js,d087eab1,nisharonn,2025-01-30,22:53:46,-08:00,2025-01-30T22:53:46-08:00,0,0
global.js,140,js,d087eab1,nisharonn,2025-01-30,22:53:46,-08:00,2025-01-30T22:53:46-08:00,0,95
global.js,141,js,d087eab1,nisharonn,2025-01-30,22:53:46,-08:00,2025-01-30T22:53:46-08:00,0,92
global.js,142,js,d087eab1,nisharonn,2025-01-30,22:53:46,-08:00,2025-01-30T22:53:46-08:00,0,50
global.js,143,js,d087eab1,nisharonn,2025-01-30,22:53:46,-08:00,2025-01-30T22:53:46-08:00,0,0
global.js,144,js,d087eab1,nisharonn,2025-01-30,22:53:46,-08:00,2025-01-30T22:53:46-08:00,0,0
global.js,145,js,d087eab1,nisharonn,2025-01-30,22:53:46,-08:00,2025-01-30T22:53:46-08:00,0,0
global.js,146,js,d087eab1,nisharonn,2025-01-30,22:53:46,-08:00,2025-01-30T22:53:46-08:00,0,27
global.js,147,js,d087eab1,nisharonn,2025-01-30,22:53:46,-08:00,2025-01-30T22:53:46-08:00,0,60
global.js,148,js,d087eab1,nisharonn,2025-01-30,22:53:46,-08:00,2025-01-30T22:53:46-08:00,0,6
global.js,149,js,d087eab1,nisharonn,2025-01-30,22:53:46,-08:00,2025-01-30T22:53:46-08:00,0,0
global.js,150,js,d087eab1,nisharonn,2025-01-30,22:53:46,-08:00,2025-01-30T22:53:46-08:00,0,0
global.js,151,js,d087eab1,nisharonn,2025-01-30,22:53:46,-08:00,2025-01-30T22:53:46-08:00,0,28
global.js,152,js,d087eab1,nisharonn,2025-01-30,22:53:46,-08:00,2025-01-30T22:53:46-08:00,0,49
global.js,153,js,f2d1c244,nisharonn,2025-02-08,21:10:58,-08:00,2025-02-08T21:10:58-08:00,0,32
global.js,154,js,f2d1c244,nisharonn,2025-02-08,21:10:58,-08:00,2025-02-08T21:10:58-08:00,0,0
global.js,155,js,d087eab1,nisharonn,2025-01-30,22:53:46,-08:00,2025-01-30T22:53:46-08:00,0,49
global.js,156,js,d087eab1,nisharonn,2025-01-30,22:53:46,-08:00,2025-01-30T22:53:46-08:00,0,95
global.js,157,js,d087eab1,nisharonn,2025-01-30,22:53:46,-08:00,2025-01-30T22:53:46-08:00,0,70
global.js,158,js,f2d1c244,nisharonn,2025-02-08,21:10:58,-08:00,2025-02-08T21:10:58-08:00,0,43
global.js,159,js,d087eab1,nisharonn,2025-01-30,22:53:46,-08:00,2025-01-30T22:53:46-08:00,0,0
global.js,160,js,d087eab1,nisharonn,2025-01-30,22:53:46,-08:00,2025-01-30T22:53:46-08:00,0,20
global.js,161,js,f2d1c244,nisharonn,2025-02-08,21:10:58,-08:00,2025-02-08T21:10:58-08:00,0,64
global.js,162,js,d087eab1,nisharonn,2025-01-30,22:53:46,-08:00,2025-01-30T22:53:46-08:00,0,34
global.js,163,js,f2d1c244,nisharonn,2025-02-08,21:10:58,-08:00,2025-02-08T21:10:58-08:00,0,28
global.js,164,js,f2d1c244,nisharonn,2025-02-08,21:10:58,-08:00,2025-02-08T21:10:58-08:00,0,48
global.js,165,js,f2d1c244,nisharonn,2025-02-08,21:10:58,-08:00,2025-02-08T21:10:58-08:00,0,34
global.js,166,js,f2d1c244,nisharonn,2025-02-08,21:10:58,-08:00,2025-02-08T21:10:58-08:00,0,5
global.js,167,js,d087eab1,nisharonn,2025-01-30,22:53:46,-08:00,2025-01-30T22:53:46-08:00,0,1
global.js,168,js,d087eab1,nisharonn,2025-01-30,22:53:46,-08:00,2025-01-30T22:53:46-08:00,0,0
global.js,169,js,d087eab1,nisharonn,2025-01-30,22:53:46,-08:00,2025-01-30T22:53:46-08:00,0,37
global.js,170,js,d087eab1,nisharonn,2025-01-30,22:53:46,-08:00,2025-01-30T22:53:46-08:00,0,0
global.js,171,js,d087eab1,nisharonn,2025-01-30,22:53:46,-08:00,2025-01-30T22:53:46-08:00,0,2
global.js,172,js,d087eab1,nisharonn,2025-01-30,22:53:46,-08:00,2025-01-30T22:53:46-08:00,0,0
global.js,173,js,d087eab1,nisharonn,2025-01-30,22:53:46,-08:00,2025-01-30T22:53:46-08:00,0,0
global.js,174,js,d087eab1,nisharonn,2025-01-30,22:53:46,-08:00,2025-01-30T22:53:46-08:00,0,48
global.js,175,js,d087eab1,nisharonn,2025-01-30,22:53:46,-08:00,2025-01-30T22:53:46-08:00,0,60
global.js,176,js,d087eab1,nisharonn,2025-01-30,22:53:46,-08:00,2025-01-30T22:53:46-08:00,0,0
global.js,177,js,d087eab1,nisharonn,2025-01-30,22:53:46,-08:00,2025-01-30T22:53:46-08:00,0,0
resume/index.html,1,html,09ec5377,nisharonn,2025-01-08,22:29:11,-08:00,2025-01-08T22:29:11-08:00,0,14
resume/index.html,2,html,09ec5377,nisharonn,2025-01-08,22:29:11,-08:00,2025-01-08T22:29:11-08:00,0,15
resume/index.html,3,html,09ec5377,nisharonn,2025-01-08,22:29:11,-08:00,2025-01-08T22:29:11-08:00,0,5
resume/index.html,4,html,09ec5377,nisharonn,2025-01-08,22:29:11,-08:00,2025-01-08T22:29:11-08:00,0,21
resume/index.html,5,html,1afe3beb,nisharonn,2025-01-22,22:24:47,-08:00,2025-01-22T22:24:47-08:00,0,69
resume/index.html,6,html,09ec5377,nisharonn,2025-01-08,22:29:11,-08:00,2025-01-08T22:29:11-08:00,0,22
resume/index.html,7,html,09ec5377,nisharonn,2025-01-08,22:29:11,-08:00,2025-01-08T22:29:11-08:00,0,44
resume/index.html,8,html,1afe3beb,nisharonn,2025-01-22,22:24:47,-08:00,2025-01-22T22:24:47-08:00,0,49
resume/index.html,9,html,1afe3beb,nisharonn,2025-01-22,22:24:47,-08:00,2025-01-22T22:24:47-08:00,0,9
resume/index.html,10,html,ab34b3d8,nisharonn,2025-01-16,01:52:54,-08:00,2025-01-16T01:52:54-08:00,0,3
resume/index.html,11,html,ab34b3d8,nisharonn,2025-01-16,01:52:54,-08:00,2025-01-16T01:52:54-08:00,0,42
resume/index.html,12,html,ab34b3d8,nisharonn,2025-01-16,01:52:54,-08:00,2025-01-16T01:52:54-08:00,0,55
resume/index.html,13,html,1afe3beb,nisharonn,2025-01-22,22:24:47,-08:00,2025-01-22T22:24:47-08:00,0,43
resume/index.html,14,html,dec50bc7,nisharonn,2025-01-17,18:53:50,-08:00,2025-01-17T18:53:50-08:00,0,53
resume/index.html,15,html,ab34b3d8,nisharonn,2025-01-16,01:52:54,-08:00,2025-01-16T01:52:54-08:00,0,75
resume/index.html,16,html,ab34b3d8,nisharonn,2025-01-16,01:52:54,-08:00,2025-01-16T01:52:54-08:00,0,0
resume/index.html,17,html,ab34b3d8,nisharonn,2025-01-16,01:52:54,-08:00,2025-01-16T01:52:54-08:00,0,4
resume/index.html,18,html,1afe3beb,nisharonn,2025-01-22,22:24:47,-08:00,2025-01-22T22:24:47-08:00,0,9
resume/index.html,19,html,09ec5377,nisharonn,2025-01-08,22:29:11,-08:00,2025-01-08T22:29:11-08:00,0,6
resume/index.html,20,html,09ec5377,nisharonn,2025-01-08,22:29:11,-08:00,2025-01-08T22:29:11-08:00,0,0
resume/index.html,21,html,09ec5377,nisharonn,2025-01-08,22:29:11,-08:00,2025-01-08T22:29:11-08:00,0,22
resume/index.html,22,html,09ec5377,nisharonn,2025-01-08,22:29:11,-08:00,2025-01-08T22:29:11-08:00,0,16
resume/index.html,23,html,09ec5377,nisharonn,2025-01-08,22:29:11,-08:00,2025-01-08T22:29:11-08:00,0,20
resume/index.html,24,html,09ec5377,nisharonn,2025-01-08,22:29:11,-08:00,2025-01-08T22:29:11-08:00,0,19
resume/index.html,25,html,09ec5377,nisharonn,2025-01-08,22:29:11,-08:00,2025-01-08T22:29:11-08:00,0,34
resume/index.html,26,html,09ec5377,nisharonn,2025-01-08,22:29:11,-08:00,2025-01-08T22:29:11-08:00,0,63
resume/index.html,27,html,09ec5377,nisharonn,2025-01-08,22:29:11,-08:00,2025-01-08T22:29:11-08:00,0,32
resume/index.html,28,html,09ec5377,nisharonn,2025-01-08,22:29:11,-08:00,2025-01-08T22:29:11-08:00,0,3
resume/index.html,29,html,09ec5377,nisharonn,2025-01-08,22:29:11,-08:00,2025-01-08T22:29:11-08:00,0,3
resume/index.html,30,html,09ec5377,nisharonn,2025-01-08,22:29:11,-08:00,2025-01-08T22:29:11-08:00,0,9
resume/index.html,31,html,09ec5377,nisharonn,2025-01-08,22:29:11,-08:00,2025-01-08T22:29:11-08:00,0,0
resume/index.html,32,html,09ec5377,nisharonn,2025-01-08,22:29:11,-08:00,2025-01-08T22:29:11-08:00,0,23
resume/index.html,33,html,09ec5377,nisharonn,2025-01-08,22:29:11,-08:00,2025-01-08T22:29:11-08:00,0,19
resume/index.html,34,html,09ec5377,nisharonn,2025-01-08,22:29:11,-08:00,2025-01-08T22:29:11-08:00,0,99
resume/index.html,35,html,09ec5377,nisharonn,2025-01-08,22:29:11,-08:00,2025-01-08T22:29:11-08:00,0,41
resume/index.html,36,html,09ec5377,nisharonn,2025-01-08,22:29:11,-08:00,2025-01-08T22:29:11-08:00,0,0
resume/index.html,37,html,09ec5377,nisharonn,2025-01-08,22:29:11,-08:00,2025-01-08T22:29:11-08:00,0,3
resume/index.html,38,html,09ec5377,nisharonn,2025-01-08,22:29:11,-08:00,2025-01-08T22:29:11-08:00,0,0
resume/index.html,39,html,09ec5377,nisharonn,2025-01-08,22:29:11,-08:00,2025-01-08T22:29:11-08:00,0,96
resume/index.html,40,html,09ec5377,nisharonn,2025-01-08,22:29:11,-08:00,2025-01-08T22:29:11-08:00,0,20
resume/index.html,41,html,09ec5377,nisharonn,2025-01-08,22:29:11,-08:00,2025-01-08T22:29:11-08:00,0,42
resume/index.html,42,html,09ec5377,nisharonn,2025-01-08,22:29:11,-08:00,2025-01-08T22:29:11-08:00,0,6
resume/index.html,43,html,09ec5377,nisharonn,2025-01-08,22:29:11,-08:00,2025-01-08T22:29:11-08:00,0,0
resume/index.html,44,html,09ec5377,nisharonn,2025-01-08,22:29:11,-08:00,2025-01-08T22:29:11-08:00,0,3
resume/index.html,45,html,09ec5377,nisharonn,2025-01-08,22:29:11,-08:00,2025-01-08T22:29:11-08:00,0,0
resume/index.html,46,html,09ec5377,nisharonn,2025-01-08,22:29:11,-08:00,2025-01-08T22:29:11-08:00,0,3
resume/index.html,47,html,09ec5377,nisharonn,2025-01-08,22:29:11,-08:00,2025-01-08T22:29:11-08:00,0,56
resume/index.html,48,html,09ec5377,nisharonn,2025-01-08,22:29:11,-08:00,2025-01-08T22:29:11-08:00,0,110
resume/index.html,49,html,09ec5377,nisharonn,2025-01-08,22:29:11,-08:00,2025-01-08T22:29:11-08:00,0,4
resume/index.html,50,html,09ec5377,nisharonn,2025-01-08,22:29:11,-08:00,2025-01-08T22:29:11-08:00,0,9
resume/index.html,51,html,09ec5377,nisharonn,2025-01-08,22:29:11,-08:00,2025-01-08T22:29:11-08:00,0,0
resume/index.html,52,html,09ec5377,nisharonn,2025-01-08,22:29:11,-08:00,2025-01-08T22:29:11-08:00,0,3
resume/index.html,53,html,09ec5377,nisharonn,2025-01-08,22:29:11,-08:00,2025-01-08T22:29:11-08:00,0,0
resume/index.html,54,html,09ec5377,nisharonn,2025-01-08,22:29:11,-08:00,2025-01-08T22:29:11-08:00,0,22
resume/index.html,55,html,09ec5377,nisharonn,2025-01-08,22:29:11,-08:00,2025-01-08T22:29:11-08:00,0,18
resume/index.html,56,html,09ec5377,nisharonn,2025-01-08,22:29:11,-08:00,2025-01-08T22:29:11-08:00,0,22
resume/index.html,57,html,09ec5377,nisharonn,2025-01-08,22:29:11,-08:00,2025-01-08T22:29:11-08:00,0,38
resume/index.html,58,html,09ec5377,nisharonn,2025-01-08,22:29:11,-08:00,2025-01-08T22:29:11-08:00,0,0
resume/index.html,59,html,09ec5377,nisharonn,2025-01-08,22:29:11,-08:00,2025-01-08T22:29:11-08:00,0,3
resume/index.html,60,html,09ec5377,nisharonn,2025-01-08,22:29:11,-08:00,2025-01-08T22:29:11-08:00,0,0
resume/index.html,61,html,09ec5377,nisharonn,2025-01-08,22:29:11,-08:00,2025-01-08T22:29:11-08:00,0,63
resume/index.html,62,html,09ec5377,nisharonn,2025-01-08,22:29:11,-08:00,2025-01-08T22:29:11-08:00,0,20
resume/index.html,63,html,09ec5377,nisharonn,2025-01-08,22:29:11,-08:00,2025-01-08T22:29:11-08:00,0,41
resume/index.html,64,html,09ec5377,nisharonn,2025-01-08,22:29:11,-08:00,2025-01-08T22:29:11-08:00,0,6
resume/index.html,65,html,09ec5377,nisharonn,2025-01-08,22:29:11,-08:00,2025-01-08T22:29:11-08:00,0,0
resume/index.html,66,html,09ec5377,nisharonn,2025-01-08,22:29:11,-08:00,2025-01-08T22:29:11-08:00,0,3
resume/index.html,67,html,09ec5377,nisharonn,2025-01-08,22:29:11,-08:00,2025-01-08T22:29:11-08:00,0,0
resume/index.html,68,html,09ec5377,nisharonn,2025-01-08,22:29:11,-08:00,2025-01-08T22:29:11-08:00,0,3
resume/index.html,69,html,09ec5377,nisharonn,2025-01-08,22:29:11,-08:00,2025-01-08T22:29:11-08:00,0,18
resume/index.html,70,html,09ec5377,nisharonn,2025-01-08,22:29:11,-08:00,2025-01-08T22:29:11-08:00,0,18
resume/index.html,71,html,09ec5377,nisharonn,2025-01-08,22:29:11,-08:00,2025-01-08T22:29:11-08:00,0,18
resume/index.html,72,html,09ec5377,nisharonn,2025-01-08,22:29:11,-08:00,2025-01-08T22:29:11-08:00,0,4
resume/index.html,73,html,09ec5377,nisharonn,2025-01-08,22:29:11,-08:00,2025-01-08T22:29:11-08:00,0,5
resume/index.html,74,html,09ec5377,nisharonn,2025-01-08,22:29:11,-08:00,2025-01-08T22:29:11-08:00,0,0
resume/index.html,75,html,09ec5377,nisharonn,2025-01-08,22:29:11,-08:00,2025-01-08T22:29:11-08:00,0,22
resume/index.html,76,html,09ec5377,nisharonn,2025-01-08,22:29:11,-08:00,2025-01-08T22:29:11-08:00,0,38
resume/index.html,77,html,09ec5377,nisharonn,2025-01-08,22:29:11,-08:00,2025-01-08T22:29:11-08:00,0,0
resume/index.html,78,html,09ec5377,nisharonn,2025-01-08,22:29:11,-08:00,2025-01-08T22:29:11-08:00,0,3
resume/index.html,79,html,09ec5377,nisharonn,2025-01-08,22:29:11,-08:00,2025-01-08T22:29:11-08:00,0,0
resume/index.html,80,html,09ec5377,nisharonn,2025-01-08,22:29:11,-08:00,2025-01-08T22:29:11-08:00,0,63
resume/index.html,81,html,09ec5377,nisharonn,2025-01-08,22:29:11,-08:00,2025-01-08T22:29:11-08:00,0,20
resume/index.html,82,html,09ec5377,nisharonn,2025-01-08,22:29:11,-08:00,2025-01-08T22:29:11-08:00,0,41
resume/index.html,83,html,09ec5377,nisharonn,2025-01-08,22:29:11,-08:00,2025-01-08T22:29:11-08:00,0,6
resume/index.html,84,html,09ec5377,nisharonn,2025-01-08,22:29:11,-08:00,2025-01-08T22:29:11-08:00,0,0
resume/index.html,85,html,09ec5377,nisharonn,2025-01-08,22:29:11,-08:00,2025-01-08T22:29:11-08:00,0,3
resume/index.html,86,html,09ec5377,nisharonn,2025-01-08,22:29:11,-08:00,2025-01-08T22:29:11-08:00,0,0
resume/index.html,87,html,09ec5377,nisharonn,2025-01-08,22:29:11,-08:00,2025-01-08T22:29:11-08:00,0,3
resume/index.html,88,html,09ec5377,nisharonn,2025-01-08,22:29:11,-08:00,2025-01-08T22:29:11-08:00,0,18
resume/index.html,89,html,09ec5377,nisharonn,2025-01-08,22:29:11,-08:00,2025-01-08T22:29:11-08:00,0,18
resume/index.html,90,html,09ec5377,nisharonn,2025-01-08,22:29:11,-08:00,2025-01-08T22:29:11-08:00,0,18
resume/index.html,91,html,09ec5377,nisharonn,2025-01-08,22:29:11,-08:00,2025-01-08T22:29:11-08:00,0,4
resume/index.html,92,html,09ec5377,nisharonn,2025-01-08,22:29:11,-08:00,2025-01-08T22:29:11-08:00,0,5
resume/index.html,93,html,09ec5377,nisharonn,2025-01-08,22:29:11,-08:00,2025-01-08T22:29:11-08:00,0,0
resume/index.html,94,html,09ec5377,nisharonn,2025-01-08,22:29:11,-08:00,2025-01-08T22:29:11-08:00,0,22
resume/index.html,95,html,09ec5377,nisharonn,2025-01-08,22:29:11,-08:00,2025-01-08T22:29:11-08:00,0,38
resume/index.html,96,html,09ec5377,nisharonn,2025-01-08,22:29:11,-08:00,2025-01-08T22:29:11-08:00,0,0
resume/index.html,97,html,09ec5377,nisharonn,2025-01-08,22:29:11,-08:00,2025-01-08T22:29:11-08:00,0,3
resume/index.html,98,html,09ec5377,nisharonn,2025-01-08,22:29:11,-08:00,2025-01-08T22:29:11-08:00,0,0
resume/index.html,99,html,09ec5377,nisharonn,2025-01-08,22:29:11,-08:00,2025-01-08T22:29:11-08:00,0,74
resume/index.html,100,html,09ec5377,nisharonn,2025-01-08,22:29:11,-08:00,2025-01-08T22:29:11-08:00,0,20
resume/index.html,101,html,09ec5377,nisharonn,2025-01-08,22:29:11,-08:00,2025-01-08T22:29:11-08:00,0,42
resume/index.html,102,html,09ec5377,nisharonn,2025-01-08,22:29:11,-08:00,2025-01-08T22:29:11-08:00,0,6
resume/index.html,103,html,09ec5377,nisharonn,2025-01-08,22:29:11,-08:00,2025-01-08T22:29:11-08:00,0,0
resume/index.html,104,html,09ec5377,nisharonn,2025-01-08,22:29:11,-08:00,2025-01-08T22:29:11-08:00,0,3
resume/index.html,105,html,09ec5377,nisharonn,2025-01-08,22:29:11,-08:00,2025-01-08T22:29:11-08:00,0,0
resume/index.html,106,html,09ec5377,nisharonn,2025-01-08,22:29:11,-08:00,2025-01-08T22:29:11-08:00,0,3
resume/index.html,107,html,09ec5377,nisharonn,2025-01-08,22:29:11,-08:00,2025-01-08T22:29:11-08:00,0,18
resume/index.html,108,html,09ec5377,nisharonn,2025-01-08,22:29:11,-08:00,2025-01-08T22:29:11-08:00,0,18
resume/index.html,109,html,09ec5377,nisharonn,2025-01-08,22:29:11,-08:00,2025-01-08T22:29:11-08:00,0,18
resume/index.html,110,html,09ec5377,nisharonn,2025-01-08,22:29:11,-08:00,2025-01-08T22:29:11-08:00,0,4
resume/index.html,111,html,09ec5377,nisharonn,2025-01-08,22:29:11,-08:00,2025-01-08T22:29:11-08:00,0,5
resume/index.html,112,html,09ec5377,nisharonn,2025-01-08,22:29:11,-08:00,2025-01-08T22:29:11-08:00,0,0
resume/index.html,113,html,09ec5377,nisharonn,2025-01-08,22:29:11,-08:00,2025-01-08T22:29:11-08:00,0,9
resume/index.html,114,html,09ec5377,nisharonn,2025-01-08,22:29:11,-08:00,2025-01-08T22:29:11-08:00,0,0
resume/index.html,115,html,09ec5377,nisharonn,2025-01-08,22:29:11,-08:00,2025-01-08T22:29:11-08:00,0,3
resume/index.html,116,html,09ec5377,nisharonn,2025-01-08,22:29:11,-08:00,2025-01-08T22:29:11-08:00,0,0
resume/index.html,117,html,09ec5377,nisharonn,2025-01-08,22:29:11,-08:00,2025-01-08T22:29:11-08:00,0,24
resume/index.html,118,html,09ec5377,nisharonn,2025-01-08,22:29:11,-08:00,2025-01-08T22:29:11-08:00,0,44
resume/index.html,119,html,09ec5377,nisharonn,2025-01-08,22:29:11,-08:00,2025-01-08T22:29:11-08:00,0,21
resume/index.html,120,html,09ec5377,nisharonn,2025-01-08,22:29:11,-08:00,2025-01-08T22:29:11-08:00,0,50
resume/index.html,121,html,09ec5377,nisharonn,2025-01-08,22:29:11,-08:00,2025-01-08T22:29:11-08:00,0,41
resume/index.html,122,html,09ec5377,nisharonn,2025-01-08,22:29:11,-08:00,2025-01-08T22:29:11-08:00,0,0
resume/index.html,123,html,09ec5377,nisharonn,2025-01-08,22:29:11,-08:00,2025-01-08T22:29:11-08:00,0,3
resume/index.html,124,html,09ec5377,nisharonn,2025-01-08,22:29:11,-08:00,2025-01-08T22:29:11-08:00,0,0
resume/index.html,125,html,09ec5377,nisharonn,2025-01-08,22:29:11,-08:00,2025-01-08T22:29:11-08:00,0,36
resume/index.html,126,html,09ec5377,nisharonn,2025-01-08,22:29:11,-08:00,2025-01-08T22:29:11-08:00,0,33
resume/index.html,127,html,09ec5377,nisharonn,2025-01-08,22:29:11,-08:00,2025-01-08T22:29:11-08:00,0,0
resume/index.html,128,html,09ec5377,nisharonn,2025-01-08,22:29:11,-08:00,2025-01-08T22:29:11-08:00,0,3
resume/index.html,129,html,09ec5377,nisharonn,2025-01-08,22:29:11,-08:00,2025-01-08T22:29:11-08:00,0,0
resume/index.html,130,html,09ec5377,nisharonn,2025-01-08,22:29:11,-08:00,2025-01-08T22:29:11-08:00,0,3
resume/index.html,131,html,09ec5377,nisharonn,2025-01-08,22:29:11,-08:00,2025-01-08T22:29:11-08:00,0,18
resume/index.html,132,html,09ec5377,nisharonn,2025-01-08,22:29:11,-08:00,2025-01-08T22:29:11-08:00,0,18
resume/index.html,133,html,09ec5377,nisharonn,2025-01-08,22:29:11,-08:00,2025-01-08T22:29:11-08:00,0,4
resume/index.html,134,html,09ec5377,nisharonn,2025-01-08,22:29:11,-08:00,2025-01-08T22:29:11-08:00,0,5
resume/index.html,135,html,09ec5377,nisharonn,2025-01-08,22:29:11,-08:00,2025-01-08T22:29:11-08:00,0,0
resume/index.html,136,html,09ec5377,nisharonn,2025-01-08,22:29:11,-08:00,2025-01-08T22:29:11-08:00,0,21
resume/index.html,137,html,09ec5377,nisharonn,2025-01-08,22:29:11,-08:00,2025-01-08T22:29:11-08:00,0,50
resume/index.html,138,html,09ec5377,nisharonn,2025-01-08,22:29:11,-08:00,2025-01-08T22:29:11-08:00,0,41
resume/index.html,139,html,09ec5377,nisharonn,2025-01-08,22:29:11,-08:00,2025-01-08T22:29:11-08:00,0,0
resume/index.html,140,html,09ec5377,nisharonn,2025-01-08,22:29:11,-08:00,2025-01-08T22:29:11-08:00,0,3
resume/index.html,141,html,09ec5377,nisharonn,2025-01-08,22:29:11,-08:00,2025-01-08T22:29:11-08:00,0,0
resume/index.html,142,html,09ec5377,nisharonn,2025-01-08,22:29:11,-08:00,2025-01-08T22:29:11-08:00,0,36
resume/index.html,143,html,09ec5377,nisharonn,2025-01-08,22:29:11,-08:00,2025-01-08T22:29:11-08:00,0,33
resume/index.html,144,html,09ec5377,nisharonn,2025-01-08,22:29:11,-08:00,2025-01-08T22:29:11-08:00,0,0
resume/index.html,145,html,09ec5377,nisharonn,2025-01-08,22:29:11,-08:00,2025-01-08T22:29:11-08:00,0,3
resume/index.html,146,html,09ec5377,nisharonn,2025-01-08,22:29:11,-08:00,2025-01-08T22:29:11-08:00,0,0
resume/index.html,147,html,09ec5377,nisharonn,2025-01-08,22:29:11,-08:00,2025-01-08T22:29:11-08:00,0,3
resume/index.html,148,html,09ec5377,nisharonn,2025-01-08,22:29:11,-08:00,2025-01-08T22:29:11-08:00,0,18
resume/index.html,149,html,09ec5377,nisharonn,2025-01-08,22:29:11,-08:00,2025-01-08T22:29:11-08:00,0,18
resume/index.html,150,html,09ec5377,nisharonn,2025-01-08,22:29:11,-08:00,2025-01-08T22:29:11-08:00,0,4
resume/index.html,151,html,09ec5377,nisharonn,2025-01-08,22:29:11,-08:00,2025-01-08T22:29:11-08:00,0,5
resume/index.html,152,html,09ec5377,nisharonn,2025-01-08,22:29:11,-08:00,2025-01-08T22:29:11-08:00,0,9
resume/index.html,153,html,09ec5377,nisharonn,2025-01-08,22:29:11,-08:00,2025-01-08T22:29:11-08:00,0,0
resume/index.html,154,html,09ec5377,nisharonn,2025-01-08,22:29:11,-08:00,2025-01-08T22:29:11-08:00,0,3
resume/index.html,155,html,09ec5377,nisharonn,2025-01-08,22:29:11,-08:00,2025-01-08T22:29:11-08:00,0,0
resume/index.html,156,html,09ec5377,nisharonn,2025-01-08,22:29:11,-08:00,2025-01-08T22:29:11-08:00,0,18
resume/index.html,157,html,09ec5377,nisharonn,2025-01-08,22:29:11,-08:00,2025-01-08T22:29:11-08:00,0,25
resume/index.html,158,html,09ec5377,nisharonn,2025-01-08,22:29:11,-08:00,2025-01-08T22:29:11-08:00,0,22
resume/index.html,159,html,09ec5377,nisharonn,2025-01-08,22:29:11,-08:00,2025-01-08T22:29:11-08:00,0,46
resume/index.html,160,html,09ec5377,nisharonn,2025-01-08,22:29:11,-08:00,2025-01-08T22:29:11-08:00,0,41
resume/index.html,161,html,09ec5377,nisharonn,2025-01-08,22:29:11,-08:00,2025-01-08T22:29:11-08:00,0,0
resume/index.html,162,html,09ec5377,nisharonn,2025-01-08,22:29:11,-08:00,2025-01-08T22:29:11-08:00,0,3
resume/index.html,163,html,09ec5377,nisharonn,2025-01-08,22:29:11,-08:00,2025-01-08T22:29:11-08:00,0,0
resume/index.html,164,html,09ec5377,nisharonn,2025-01-08,22:29:11,-08:00,2025-01-08T22:29:11-08:00,0,36
resume/index.html,165,html,09ec5377,nisharonn,2025-01-08,22:29:11,-08:00,2025-01-08T22:29:11-08:00,0,33
resume/index.html,166,html,09ec5377,nisharonn,2025-01-08,22:29:11,-08:00,2025-01-08T22:29:11-08:00,0,0
resume/index.html,167,html,09ec5377,nisharonn,2025-01-08,22:29:11,-08:00,2025-01-08T22:29:11-08:00,0,3
resume/index.html,168,html,09ec5377,nisharonn,2025-01-08,22:29:11,-08:00,2025-01-08T22:29:11-08:00,0,0
resume/index.html,169,html,09ec5377,nisharonn,2025-01-08,22:29:11,-08:00,2025-01-08T22:29:11-08:00,0,3
resume/index.html,170,html,09ec5377,nisharonn,2025-01-08,22:29:11,-08:00,2025-01-08T22:29:11-08:00,0,18
resume/index.html,171,html,09ec5377,nisharonn,2025-01-08,22:29:11,-08:00,2025-01-08T22:29:11-08:00,0,18
resume/index.html,172,html,09ec5377,nisharonn,2025-01-08,22:29:11,-08:00,2025-01-08T22:29:11-08:00,0,4
resume/index.html,173,html,09ec5377,nisharonn,2025-01-08,22:29:11,-08:00,2025-01-08T22:29:11-08:00,0,5
resume/index.html,174,html,09ec5377,nisharonn,2025-01-08,22:29:11,-08:00,2025-01-08T22:29:11-08:00,0,0
resume/index.html,175,html,09ec5377,nisharonn,2025-01-08,22:29:11,-08:00,2025-01-08T22:29:11-08:00,0,22
resume/index.html,176,html,09ec5377,nisharonn,2025-01-08,22:29:11,-08:00,2025-01-08T22:29:11-08:00,0,46
resume/index.html,177,html,09ec5377,nisharonn,2025-01-08,22:29:11,-08:00,2025-01-08T22:29:11-08:00,0,41
resume/index.html,178,html,09ec5377,nisharonn,2025-01-08,22:29:11,-08:00,2025-01-08T22:29:11-08:00,0,0
resume/index.html,179,html,09ec5377,nisharonn,2025-01-08,22:29:11,-08:00,2025-01-08T22:29:11-08:00,0,3
resume/index.html,180,html,09ec5377,nisharonn,2025-01-08,22:29:11,-08:00,2025-01-08T22:29:11-08:00,0,0
resume/index.html,181,html,09ec5377,nisharonn,2025-01-08,22:29:11,-08:00,2025-01-08T22:29:11-08:00,0,36
resume/index.html,182,html,09ec5377,nisharonn,2025-01-08,22:29:11,-08:00,2025-01-08T22:29:11-08:00,0,33
resume/index.html,183,html,09ec5377,nisharonn,2025-01-08,22:29:11,-08:00,2025-01-08T22:29:11-08:00,0,0
resume/index.html,184,html,09ec5377,nisharonn,2025-01-08,22:29:11,-08:00,2025-01-08T22:29:11-08:00,0,3
resume/index.html,185,html,09ec5377,nisharonn,2025-01-08,22:29:11,-08:00,2025-01-08T22:29:11-08:00,0,0
resume/index.html,186,html,09ec5377,nisharonn,2025-01-08,22:29:11,-08:00,2025-01-08T22:29:11-08:00,0,3
resume/index.html,187,html,09ec5377,nisharonn,2025-01-08,22:29:11,-08:00,2025-01-08T22:29:11-08:00,0,18
resume/index.html,188,html,09ec5377,nisharonn,2025-01-08,22:29:11,-08:00,2025-01-08T22:29:11-08:00,0,18
resume/index.html,189,html,09ec5377,nisharonn,2025-01-08,22:29:11,-08:00,2025-01-08T22:29:11-08:00,0,4
resume/index.html,190,html,09ec5377,nisharonn,2025-01-08,22:29:11,-08:00,2025-01-08T22:29:11-08:00,0,5
resume/index.html,191,html,09ec5377,nisharonn,2025-01-08,22:29:11,-08:00,2025-01-08T22:29:11-08:00,0,9
resume/index.html,192,html,09ec5377,nisharonn,2025-01-08,22:29:11,-08:00,2025-01-08T22:29:11-08:00,0,0
resume/index.html,193,html,09ec5377,nisharonn,2025-01-08,22:29:11,-08:00,2025-01-08T22:29:11-08:00,0,3
resume/index.html,194,html,09ec5377,nisharonn,2025-01-08,22:29:11,-08:00,2025-01-08T22:29:11-08:00,0,0
resume/index.html,195,html,09ec5377,nisharonn,2025-01-08,22:29:11,-08:00,2025-01-08T22:29:11-08:00,0,20
resume/index.html,196,html,09ec5377,nisharonn,2025-01-08,22:29:11,-08:00,2025-01-08T22:29:11-08:00,0,16
resume/index.html,197,html,09ec5377,nisharonn,2025-01-08,22:29:11,-08:00,2025-01-08T22:29:11-08:00,0,53
resume/index.html,198,html,09ec5377,nisharonn,2025-01-08,22:29:11,-08:00,2025-01-08T22:29:11-08:00,0,3
resume/index.html,199,html,09ec5377,nisharonn,2025-01-08,22:29:11,-08:00,2025-01-08T22:29:11-08:00,0,56
resume/index.html,200,html,09ec5377,nisharonn,2025-01-08,22:29:11,-08:00,2025-01-08T22:29:11-08:00,0,9
resume/index.html,201,html,09ec5377,nisharonn,2025-01-08,22:29:11,-08:00,2025-01-08T22:29:11-08:00,0,0
resume/index.html,202,html,09ec5377,nisharonn,2025-01-08,22:29:11,-08:00,2025-01-08T22:29:11-08:00,0,0
resume/index.html,203,html,09ec5377,nisharonn,2025-01-08,22:29:11,-08:00,2025-01-08T22:29:11-08:00,0,0
resume/index.html,204,html,09ec5377,nisharonn,2025-01-08,22:29:11,-08:00,2025-01-08T22:29:11-08:00,0,6
resume/index.html,205,html,09ec5377,nisharonn,2025-01-08,22:29:11,-08:00,2025-01-08T22:29:11-08:00,0,6
projects/projects.js,1,js,d087eab1,nisharonn,2025-01-30,22:53:46,-08:00,2025-01-30T22:53:46-08:00,0,56
projects/projects.js,2,js,f2d1c244,nisharonn,2025-02-08,21:10:58,-08:00,2025-02-08T21:10:58-08:00,0,64
projects/projects.js,3,js,f2d1c244,nisharonn,2025-02-08,21:10:58,-08:00,2025-02-08T21:10:58-08:00,0,0
projects/projects.js,4,js,d087eab1,nisharonn,2025-01-30,22:53:46,-08:00,2025-01-30T22:53:46-08:00,0,56
projects/projects.js,5,js,d087eab1,nisharonn,2025-01-30,22:53:46,-08:00,2025-01-30T22:53:46-08:00,0,61
projects/projects.js,6,js,f2d1c244,nisharonn,2025-02-08,21:10:58,-08:00,2025-02-08T21:10:58-08:00,0,0
projects/projects.js,7,js,f2d1c244,nisharonn,2025-02-08,21:10:58,-08:00,2025-02-08T21:10:58-08:00,0,14
projects/projects.js,8,js,f2d1c244,nisharonn,2025-02-08,21:10:58,-08:00,2025-02-08T21:10:58-08:00,0,22
projects/projects.js,9,js,f2d1c244,nisharonn,2025-02-08,21:10:58,-08:00,2025-02-08T21:10:58-08:00,0,54
projects/projects.js,10,js,f2d1c244,nisharonn,2025-02-08,21:10:58,-08:00,2025-02-08T21:10:58-08:00,0,0
projects/projects.js,11,js,f2d1c244,nisharonn,2025-02-08,21:10:58,-08:00,2025-02-08T21:10:58-08:00,0,72
projects/projects.js,12,js,f2d1c244,nisharonn,2025-02-08,21:10:58,-08:00,2025-02-08T21:10:58-08:00,0,51
projects/projects.js,13,js,f2d1c244,nisharonn,2025-02-08,21:10:58,-08:00,2025-02-08T21:10:58-08:00,0,36
projects/projects.js,14,js,f2d1c244,nisharonn,2025-02-08,21:10:58,-08:00,2025-02-08T21:10:58-08:00,0,2
projects/projects.js,15,js,f2d1c244,nisharonn,2025-02-08,21:10:58,-08:00,2025-02-08T21:10:58-08:00,0,0
projects/projects.js,16,js,f2d1c244,nisharonn,2025-02-08,21:10:58,-08:00,2025-02-08T21:10:58-08:00,0,19
projects/projects.js,17,js,d087eab1,nisharonn,2025-01-30,22:53:46,-08:00,2025-01-30T22:53:46-08:00,0,49
projects/projects.js,18,js,f2d1c244,nisharonn,2025-02-08,21:10:58,-08:00,2025-02-08T21:10:58-08:00,0,24
projects/projects.js,19,js,f2d1c244,nisharonn,2025-02-08,21:10:58,-08:00,2025-02-08T21:10:58-08:00,0,0
projects/projects.js,20,js,f2d1c244,nisharonn,2025-02-08,21:10:58,-08:00,2025-02-08T21:10:58-08:00,0,49
projects/projects.js,21,js,f2d1c244,nisharonn,2025-02-08,21:10:58,-08:00,2025-02-08T21:10:58-08:00,0,0
projects/projects.js,22,js,f2d1c244,nisharonn,2025-02-08,21:10:58,-08:00,2025-02-08T21:10:58-08:00,0,20
projects/projects.js,23,js,f2d1c244,nisharonn,2025-02-08,21:10:58,-08:00,2025-02-08T21:10:58-08:00,0,40
projects/projects.js,24,js,f2d1c244,nisharonn,2025-02-08,21:10:58,-08:00,2025-02-08T21:10:58-08:00,0,0
projects/projects.js,25,js,f2d1c244,nisharonn,2025-02-08,21:10:58,-08:00,2025-02-08T21:10:58-08:00,0,17
projects/projects.js,26,js,f2d1c244,nisharonn,2025-02-08,21:10:58,-08:00,2025-02-08T21:10:58-08:00,0,52
projects/projects.js,27,js,f2d1c244,nisharonn,2025-02-08,21:10:58,-08:00,2025-02-08T21:10:58-08:00,0,60
projects/projects.js,28,js,f2d1c244,nisharonn,2025-02-08,21:10:58,-08:00,2025-02-08T21:10:58-08:00,0,41
projects/projects.js,29,js,f2d1c244,nisharonn,2025-02-08,21:10:58,-08:00,2025-02-08T21:10:58-08:00,0,0
projects/projects.js,30,js,f2d1c244,nisharonn,2025-02-08,21:10:58,-08:00,2025-02-08T21:10:58-08:00,0,38
projects/projects.js,31,js,f2d1c244,nisharonn,2025-02-08,21:10:58,-08:00,2025-02-08T21:10:58-08:00,0,88
projects/projects.js,32,js,f2d1c244,nisharonn,2025-02-08,21:10:58,-08:00,2025-02-08T21:10:58-08:00,0,34
projects/projects.js,33,js,f2d1c244,nisharonn,2025-02-08,21:10:58,-08:00,2025-02-08T21:10:58-08:00,0,2
projects/projects.js,34,js,f2d1c244,nisharonn,2025-02-08,21:10:58,-08:00,2025-02-08T21:10:58-08:00,0,0
projects/projects.js,35,js,f2d1c244,nisharonn,2025-02-08,21:10:58,-08:00,2025-02-08T21:10:58-08:00,0,26
projects/projects.js,36,js,f2d1c244,nisharonn,2025-02-08,21:10:58,-08:00,2025-02-08T21:10:58-08:00,0,32
projects/projects.js,37,js,f2d1c244,nisharonn,2025-02-08,21:10:58,-08:00,2025-02-08T21:10:58-08:00,0,57
projects/projects.js,38,js,dc5acafb,nisharonn,2025-02-08,21:24:39,-08:00,2025-02-08T21:24:39-08:00,0,32
projects/projects.js,39,js,f2d1c244,nisharonn,2025-02-08,21:10:58,-08:00,2025-02-08T21:10:58-08:00,0,2
projects/projects.js,40,js,f2d1c244,nisharonn,2025-02-08,21:10:58,-08:00,2025-02-08T21:10:58-08:00,0,0
projects/projects.js,41,js,f2d1c244,nisharonn,2025-02-08,21:10:58,-08:00,2025-02-08T21:10:58-08:00,0,39
projects/projects.js,42,js,dc5acafb,nisharonn,2025-02-08,21:24:39,-08:00,2025-02-08T21:24:39-08:00,0,0
projects/projects.js,43,js,dc5acafb,nisharonn,2025-02-08,21:24:39,-08:00,2025-02-08T21:24:39-08:00,0,26
projects/projects.js,44,js,dc5acafb,nisharonn,2025-02-08,21:24:39,-08:00,2025-02-08T21:24:39-08:00,0,77
projects/projects.js,45,js,dc5acafb,nisharonn,2025-02-08,21:24:39,-08:00,2025-02-08T21:24:39-08:00,0,0
projects/projects.js,46,js,dc5acafb,nisharonn,2025-02-08,21:24:39,-08:00,2025-02-08T21:24:39-08:00,0,19
projects/projects.js,47,js,dc5acafb,nisharonn,2025-02-08,21:24:39,-08:00,2025-02-08T21:24:39-08:00,0,51
projects/projects.js,48,js,dc5acafb,nisharonn,2025-02-08,21:24:39,-08:00,2025-02-08T21:24:39-08:00,0,36
projects/projects.js,49,js,dc5acafb,nisharonn,2025-02-08,21:24:39,-08:00,2025-02-08T21:24:39-08:00,0,2
projects/projects.js,50,js,f2d1c244,nisharonn,2025-02-08,21:10:58,-08:00,2025-02-08T21:10:58-08:00,0,0
projects/projects.js,51,js,f2d1c244,nisharonn,2025-02-08,21:10:58,-08:00,2025-02-08T21:10:58-08:00,0,51
projects/projects.js,52,js,f2d1c244,nisharonn,2025-02-08,21:10:58,-08:00,2025-02-08T21:10:58-08:00,0,55
projects/projects.js,53,js,f2d1c244,nisharonn,2025-02-08,21:10:58,-08:00,2025-02-08T21:10:58-08:00,0,43
projects/projects.js,54,js,f2d1c244,nisharonn,2025-02-08,21:10:58,-08:00,2025-02-08T21:10:58-08:00,0,58
projects/projects.js,55,js,f2d1c244,nisharonn,2025-02-08,21:10:58,-08:00,2025-02-08T21:10:58-08:00,0,43
projects/projects.js,56,js,f2d1c244,nisharonn,2025-02-08,21:10:58,-08:00,2025-02-08T21:10:58-08:00,0,0
projects/projects.js,57,js,f2d1c244,nisharonn,2025-02-08,21:10:58,-08:00,2025-02-08T21:10:58-08:00,0,26
projects/projects.js,58,js,f2d1c244,nisharonn,2025-02-08,21:10:58,-08:00,2025-02-08T21:10:58-08:00,0,33
projects/projects.js,59,js,f2d1c244,nisharonn,2025-02-08,21:10:58,-08:00,2025-02-08T21:10:58-08:00,0,0
projects/projects.js,60,js,f2d1c244,nisharonn,2025-02-08,21:10:58,-08:00,2025-02-08T21:10:58-08:00,0,30
projects/projects.js,61,js,f2d1c244,nisharonn,2025-02-08,21:10:58,-08:00,2025-02-08T21:10:58-08:00,0,30
projects/projects.js,62,js,f2d1c244,nisharonn,2025-02-08,21:10:58,-08:00,2025-02-08T21:10:58-08:00,0,0
projects/projects.js,63,js,f2d1c244,nisharonn,2025-02-08,21:10:58,-08:00,2025-02-08T21:10:58-08:00,0,54
projects/projects.js,64,js,f2d1c244,nisharonn,2025-02-08,21:10:58,-08:00,2025-02-08T21:10:58-08:00,0,31
projects/projects.js,65,js,f2d1c244,nisharonn,2025-02-08,21:10:58,-08:00,2025-02-08T21:10:58-08:00,0,2
projects/projects.js,66,js,f2d1c244,nisharonn,2025-02-08,21:10:58,-08:00,2025-02-08T21:10:58-08:00,0,14
projects/projects.js,67,js,f2d1c244,nisharonn,2025-02-08,21:10:58,-08:00,2025-02-08T21:10:58-08:00,0,28
projects/projects.js,68,js,f2d1c244,nisharonn,2025-02-08,21:10:58,-08:00,2025-02-08T21:10:58-08:00,0,23
projects/projects.js,69,js,f2d1c244,nisharonn,2025-02-08,21:10:58,-08:00,2025-02-08T21:10:58-08:00,0,52
projects/projects.js,70,js,f2d1c244,nisharonn,2025-02-08,21:10:58,-08:00,2025-02-08T21:10:58-08:00,0,19
projects/projects.js,71,js,f2d1c244,nisharonn,2025-02-08,21:10:58,-08:00,2025-02-08T21:10:58-08:00,0,44
projects/projects.js,72,js,f2d1c244,nisharonn,2025-02-08,21:10:58,-08:00,2025-02-08T21:10:58-08:00,0,0
projects/projects.js,73,js,f2d1c244,nisharonn,2025-02-08,21:10:58,-08:00,2025-02-08T21:10:58-08:00,0,50
projects/projects.js,74,js,f2d1c244,nisharonn,2025-02-08,21:10:58,-08:00,2025-02-08T21:10:58-08:00,0,88
projects/projects.js,75,js,f2d1c244,nisharonn,2025-02-08,21:10:58,-08:00,2025-02-08T21:10:58-08:00,0,0
projects/projects.js,76,js,f2d1c244,nisharonn,2025-02-08,21:10:58,-08:00,2025-02-08T21:10:58-08:00,0,31
projects/projects.js,77,js,f2d1c244,nisharonn,2025-02-08,21:10:58,-08:00,2025-02-08T21:10:58-08:00,0,82
projects/projects.js,78,js,f2d1c244,nisharonn,2025-02-08,21:10:58,-08:00,2025-02-08T21:10:58-08:00,0,34
projects/projects.js,79,js,f2d1c244,nisharonn,2025-02-08,21:10:58,-08:00,2025-02-08T21:10:58-08:00,0,2
projects/projects.js,80,js,f2d1c244,nisharonn,2025-02-08,21:10:58,-08:00,2025-02-08T21:10:58-08:00,0,0
projects/projects.js,81,js,f2d1c244,nisharonn,2025-02-08,21:10:58,-08:00,2025-02-08T21:10:58-08:00,0,29
projects/projects.js,82,js,f2d1c244,nisharonn,2025-02-08,21:10:58,-08:00,2025-02-08T21:10:58-08:00,0,0
projects/projects.js,83,js,f2d1c244,nisharonn,2025-02-08,21:10:58,-08:00,2025-02-08T21:10:58-08:00,0,32
projects/projects.js,84,js,f2d1c244,nisharonn,2025-02-08,21:10:58,-08:00,2025-02-08T21:10:58-08:00,0,57
projects/projects.js,85,js,f2d1c244,nisharonn,2025-02-08,21:10:58,-08:00,2025-02-08T21:10:58-08:00,0,0
projects/projects.js,86,js,f2d1c244,nisharonn,2025-02-08,21:10:58,-08:00,2025-02-08T21:10:58-08:00,0,2
projects/projects.js,87,js,f2d1c244,nisharonn,2025-02-08,21:10:58,-08:00,2025-02-08T21:10:58-08:00,0,17
projects/projects.js,88,js,f2d1c244,nisharonn,2025-02-08,21:10:58,-08:00,2025-02-08T21:10:58-08:00,0,23
projects/projects.js,89,js,f2d1c244,nisharonn,2025-02-08,21:10:58,-08:00,2025-02-08T21:10:58-08:00,0,40
projects/projects.js,90,js,f2d1c244,nisharonn,2025-02-08,21:10:58,-08:00,2025-02-08T21:10:58-08:00,0,0
projects/projects.js,91,js,f2d1c244,nisharonn,2025-02-08,21:10:58,-08:00,2025-02-08T21:10:58-08:00,0,5
projects/projects.js,92,js,f2d1c244,nisharonn,2025-02-08,21:10:58,-08:00,2025-02-08T21:10:58-08:00,0,15
projects/projects.js,93,js,f2d1c244,nisharonn,2025-02-08,21:10:58,-08:00,2025-02-08T21:10:58-08:00,0,23
projects/projects.js,94,js,f2d1c244,nisharonn,2025-02-08,21:10:58,-08:00,2025-02-08T21:10:58-08:00,0,40
projects/projects.js,95,js,f2d1c244,nisharonn,2025-02-08,21:10:58,-08:00,2025-02-08T21:10:58-08:00,0,2
projects/projects.js,96,js,f2d1c244,nisharonn,2025-02-08,21:10:58,-08:00,2025-02-08T21:10:58-08:00,0,2
projects/projects.js,97,js,f2d1c244,nisharonn,2025-02-08,21:10:58,-08:00,2025-02-08T21:10:58-08:00,0,0
projects/projects.js,98,js,f2d1c244,nisharonn,2025-02-08,21:10:58,-08:00,2025-02-08T21:10:58-08:00,0,26
projects/projects.js,99,js,f2d1c244,nisharonn,2025-02-08,21:10:58,-08:00,2025-02-08T21:10:58-08:00,0,18
projects/projects.js,100,js,f2d1c244,nisharonn,2025-02-08,21:10:58,-08:00,2025-02-08T21:10:58-08:00,0,29
projects/projects.js,101,js,f2d1c244,nisharonn,2025-02-08,21:10:58,-08:00,2025-02-08T21:10:58-08:00,0,37
projects/projects.js,102,js,f2d1c244,nisharonn,2025-02-08,21:10:58,-08:00,2025-02-08T21:10:58-08:00,0,69
projects/projects.js,103,js,f2d1c244,nisharonn,2025-02-08,21:10:58,-08:00,2025-02-08T21:10:58-08:00,0,19
projects/projects.js,104,js,f2d1c244,nisharonn,2025-02-08,21:10:58,-08:00,2025-02-08T21:10:58-08:00,0,44
projects/projects.js,105,js,f2d1c244,nisharonn,2025-02-08,21:10:58,-08:00,2025-02-08T21:10:58-08:00,0,0
projects/projects.js,106,js,f2d1c244,nisharonn,2025-02-08,21:10:58,-08:00,2025-02-08T21:10:58-08:00,0,50
projects/projects.js,107,js,f2d1c244,nisharonn,2025-02-08,21:10:58,-08:00,2025-02-08T21:10:58-08:00,0,88
projects/projects.js,108,js,f2d1c244,nisharonn,2025-02-08,21:10:58,-08:00,2025-02-08T21:10:58-08:00,0,0
projects/projects.js,109,js,f2d1c244,nisharonn,2025-02-08,21:10:58,-08:00,2025-02-08T21:10:58-08:00,0,31
projects/projects.js,110,js,f2d1c244,nisharonn,2025-02-08,21:10:58,-08:00,2025-02-08T21:10:58-08:00,0,82
projects/projects.js,111,js,f2d1c244,nisharonn,2025-02-08,21:10:58,-08:00,2025-02-08T21:10:58-08:00,0,34
projects/projects.js,112,js,f2d1c244,nisharonn,2025-02-08,21:10:58,-08:00,2025-02-08T21:10:58-08:00,0,2
projects/projects.js,113,js,f2d1c244,nisharonn,2025-02-08,21:10:58,-08:00,2025-02-08T21:10:58-08:00,0,0
projects/projects.js,114,js,f2d1c244,nisharonn,2025-02-08,21:10:58,-08:00,2025-02-08T21:10:58-08:00,0,32
projects/projects.js,115,js,f2d1c244,nisharonn,2025-02-08,21:10:58,-08:00,2025-02-08T21:10:58-08:00,0,57
projects/projects.js,116,js,f2d1c244,nisharonn,2025-02-08,21:10:58,-08:00,2025-02-08T21:10:58-08:00,0,0
projects/projects.js,117,js,f2d1c244,nisharonn,2025-02-08,21:10:58,-08:00,2025-02-08T21:10:58-08:00,0,5
projects/projects.js,118,js,f2d1c244,nisharonn,2025-02-08,21:10:58,-08:00,2025-02-08T21:10:58-08:00,0,15
projects/projects.js,119,js,f2d1c244,nisharonn,2025-02-08,21:10:58,-08:00,2025-02-08T21:10:58-08:00,0,23
projects/projects.js,120,js,f2d1c244,nisharonn,2025-02-08,21:10:58,-08:00,2025-02-08T21:10:58-08:00,0,40
projects/projects.js,121,js,f2d1c244,nisharonn,2025-02-08,21:10:58,-08:00,2025-02-08T21:10:58-08:00,0,0
projects/projects.js,122,js,f2d1c244,nisharonn,2025-02-08,21:10:58,-08:00,2025-02-08T21:10:58-08:00,0,2
projects/projects.js,123,js,f2d1c244,nisharonn,2025-02-08,21:10:58,-08:00,2025-02-08T21:10:58-08:00,0,17
projects/projects.js,124,js,f2d1c244,nisharonn,2025-02-08,21:10:58,-08:00,2025-02-08T21:10:58-08:00,0,23
projects/projects.js,125,js,f2d1c244,nisharonn,2025-02-08,21:10:58,-08:00,2025-02-08T21:10:58-08:00,0,40
projects/projects.js,126,js,f2d1c244,nisharonn,2025-02-08,21:10:58,-08:00,2025-02-08T21:10:58-08:00,0,2
projects/projects.js,127,js,f2d1c244,nisharonn,2025-02-08,21:10:58,-08:00,2025-02-08T21:10:58-08:00,0,2
projects/projects.js,128,js,f2d1c244,nisharonn,2025-02-08,21:10:58,-08:00,2025-02-08T21:10:58-08:00,0,0
projects/index.html,1,html,6fd529ba,nisharonn,2025-01-08,22:28:54,-08:00,2025-01-08T22:28:54-08:00,0,14
projects/index.html,2,html,6fd529ba,nisharonn,2025-01-08,22:28:54,-08:00,2025-01-08T22:28:54-08:00,0,15
projects/index.html,3,html,6fd529ba,nisharonn,2025-01-08,22:28:54,-08:00,2025-01-08T22:28:54-08:00,0,5
projects/index.html,4,html,6fd529ba,nisharonn,2025-01-08,22:28:54,-08:00,2025-01-08T22:28:54-08:00,0,21
projects/index.html,5,html,6fd529ba,nisharonn,2025-01-08,22:28:54,-08:00,2025-01-08T22:28:54-08:00,0,69
projects/index.html,6,html,6fd529ba,nisharonn,2025-01-08,22:28:54,-08:00,2025-01-08T22:28:54-08:00,0,24
projects/index.html,7,html,6fd529ba,nisharonn,2025-01-08,22:28:54,-08:00,2025-01-08T22:28:54-08:00,0,44
projects/index.html,8,html,1afe3beb,nisharonn,2025-01-22,22:24:47,-08:00,2025-01-22T22:24:47-08:00,0,49
projects/index.html,9,html,d087eab1,nisharonn,2025-01-30,22:53:46,-08:00,2025-01-30T22:53:46-08:00,0,49
projects/index.html,10,html,d087eab1,nisharonn,2025-01-30,22:53:46,-08:00,2025-01-30T22:53:46-08:00,0,48
projects/index.html,11,html,f2d1c244,nisharonn,2025-02-08,21:10:58,-08:00,2025-02-08T21:10:58-08:00,0,0
projects/index.html,12,html,d087eab1,nisharonn,2025-01-30,22:53:46,-08:00,2025-01-30T22:53:46-08:00,0,0
projects/index.html,13,html,1afe3beb,nisharonn,2025-01-22,22:24:47,-08:00,2025-01-22T22:24:47-08:00,0,9
projects/index.html,14,html,ab34b3d8,nisharonn,2025-01-16,01:52:54,-08:00,2025-01-16T01:52:54-08:00,0,3
projects/index.html,15,html,ab34b3d8,nisharonn,2025-01-16,01:52:54,-08:00,2025-01-16T01:52:54-08:00,0,42
projects/index.html,16,html,1afe3beb,nisharonn,2025-01-22,22:24:47,-08:00,2025-01-22T22:24:47-08:00,0,45
projects/index.html,17,html,dec50bc7,nisharonn,2025-01-17,18:53:50,-08:00,2025-01-17T18:53:50-08:00,0,51
projects/index.html,18,html,dec50bc7,nisharonn,2025-01-17,18:53:50,-08:00,2025-01-17T18:53:50-08:00,0,53
projects/index.html,19,html,ab34b3d8,nisharonn,2025-01-16,01:52:54,-08:00,2025-01-16T01:52:54-08:00,0,75
projects/index.html,20,html,ab34b3d8,nisharonn,2025-01-16,01:52:54,-08:00,2025-01-16T01:52:54-08:00,0,4
projects/index.html,21,html,1afe3beb,nisharonn,2025-01-22,22:24:47,-08:00,2025-01-22T22:24:47-08:00,0,9
projects/index.html,22,html,6fd529ba,nisharonn,2025-01-08,22:28:54,-08:00,2025-01-08T22:28:54-08:00,0,6
projects/index.html,23,html,6fd529ba,nisharonn,2025-01-08,22:28:54,-08:00,2025-01-08T22:28:54-08:00,0,5
projects/index.html,24,html,f2d1c244,nisharonn,2025-02-08,21:10:58,-08:00,2025-02-08T21:10:58-08:00,0,0
projects/index.html,25,html,d087eab1,nisharonn,2025-01-30,22:53:46,-08:00,2025-01-30T22:53:46-08:00,0,41
projects/index.html,26,html,f2d1c244,nisharonn,2025-02-08,21:10:58,-08:00,2025-02-08T21:10:58-08:00,0,0
projects/index.html,27,html,f2d1c244,nisharonn,2025-02-08,21:10:58,-08:00,2025-02-08T21:10:58-08:00,0,0
projects/index.html,28,html,f2d1c244,nisharonn,2025-02-08,21:10:58,-08:00,2025-02-08T21:10:58-08:00,0,0
projects/index.html,29,html,f2d1c244,nisharonn,2025-02-08,21:10:58,-08:00,2025-02-08T21:10:58-08:00,0,29
projects/index.html,30,html,f2d1c244,nisharonn,2025-02-08,21:10:58,-08:00,2025-02-08T21:10:58-08:00,0,59
projects/index.html,31,html,f2d1c244,nisharonn,2025-02-08,21:10:58,-08:00,2025-02-08T21:10:58-08:00,0,23
projects/index.html,32,html,ab34b3d8,nisharonn,2025-01-16,01:52:54,-08:00,2025-01-16T01:52:54-08:00,0,5
projects/index.html,33,html,ab34b3d8,nisharonn,2025-01-16,01:52:54,-08:00,2025-01-16T01:52:54-08:00,0,0
projects/index.html,34,html,f2d1c244,nisharonn,2025-02-08,21:10:58,-08:00,2025-02-08T21:10:58-08:00,0,5
projects/index.html,35,html,f2d1c244,nisharonn,2025-02-08,21:10:58,-08:00,2025-02-08T21:10:58-08:00,0,16
projects/index.html,36,html,f2d1c244,nisharonn,2025-02-08,21:10:58,-08:00,2025-02-08T21:10:58-08:00,0,12
projects/index.html,37,html,f2d1c244,nisharonn,2025-02-08,21:10:58,-08:00,2025-02-08T21:10:58-08:00,0,27
projects/index.html,38,html,f2d1c244,nisharonn,2025-02-08,21:10:58,-08:00,2025-02-08T21:10:58-08:00,0,32
projects/index.html,39,html,f2d1c244,nisharonn,2025-02-08,21:10:58,-08:00,2025-02-08T21:10:58-08:00,0,1
projects/index.html,40,html,f2d1c244,nisharonn,2025-02-08,21:10:58,-08:00,2025-02-08T21:10:58-08:00,0,0
projects/index.html,41,html,f2d1c244,nisharonn,2025-02-08,21:10:58,-08:00,2025-02-08T21:10:58-08:00,0,27
projects/index.html,42,html,f2d1c244,nisharonn,2025-02-08,21:10:58,-08:00,2025-02-08T21:10:58-08:00,0,0
projects/index.html,43,html,6fd529ba,nisharonn,2025-01-08,22:28:54,-08:00,2025-01-08T22:28:54-08:00,0,6
projects/index.html,44,html,6fd529ba,nisharonn,2025-01-08,22:28:54,-08:00,2025-01-08T22:28:54-08:00,0,6
meta/index.html,1,html,1e521f08,nisharonn,2025-02-12,00:02:55,-08:00,2025-02-12T00:02:55-08:00,0,14
meta/index.html,2,html,1e521f08,nisharonn,2025-02-12,00:02:55,-08:00,2025-02-12T00:02:55-08:00,0,15
meta/index.html,3,html,1e521f08,nisharonn,2025-02-12,00:02:55,-08:00,2025-02-12T00:02:55-08:00,0,5
meta/index.html,4,html,1e521f08,nisharonn,2025-02-12,00:02:55,-08:00,2025-02-12T00:02:55-08:00,0,21
meta/index.html,5,html,1e521f08,nisharonn,2025-02-12,00:02:55,-08:00,2025-02-12T00:02:55-08:00,0,69
meta/index.html,6,html,1e521f08,nisharonn,2025-02-12,00:02:55,-08:00,2025-02-12T00:02:55-08:00,0,20
meta/index.html,7,html,1e521f08,nisharonn,2025-02-12,00:02:55,-08:00,2025-02-12T00:02:55-08:00,0,44
meta/index.html,8,html,1e521f08,nisharonn,2025-02-12,00:02:55,-08:00,2025-02-12T00:02:55-08:00,0,49
meta/index.html,9,html,1e521f08,nisharonn,2025-02-12,00:02:55,-08:00,2025-02-12T00:02:55-08:00,0,6
meta/index.html,10,html,1e521f08,nisharonn,2025-02-12,00:02:55,-08:00,2025-02-12T00:02:55-08:00,0,5
meta/index.html,11,html,1e521f08,nisharonn,2025-02-12,00:02:55,-08:00,2025-02-12T00:02:55-08:00,0,0
meta/index.html,12,html,1e521f08,nisharonn,2025-02-12,00:02:55,-08:00,2025-02-12T00:02:55-08:00,0,14
meta/index.html,13,html,1e521f08,nisharonn,2025-02-12,00:02:55,-08:00,2025-02-12T00:02:55-08:00,0,64
meta/index.html,14,html,1e521f08,nisharonn,2025-02-12,00:02:55,-08:00,2025-02-12T00:02:55-08:00,0,0
meta/index.html,15,html,1e521f08,nisharonn,2025-02-12,00:02:55,-08:00,2025-02-12T00:02:55-08:00,0,6
meta/index.html,16,html,1e521f08,nisharonn,2025-02-12,00:02:55,-08:00,2025-02-12T00:02:55-08:00,0,6
contact/index.html,1,html,7d3b83a6,nisharonn,2025-01-08,22:27:29,-08:00,2025-01-08T22:27:29-08:00,0,14
contact/index.html,2,html,7d3b83a6,nisharonn,2025-01-08,22:27:29,-08:00,2025-01-08T22:27:29-08:00,0,15
contact/index.html,3,html,7d3b83a6,nisharonn,2025-01-08,22:27:29,-08:00,2025-01-08T22:27:29-08:00,0,5
contact/index.html,4,html,7d3b83a6,nisharonn,2025-01-08,22:27:29,-08:00,2025-01-08T22:27:29-08:00,0,21
contact/index.html,5,html,7d3b83a6,nisharonn,2025-01-08,22:27:29,-08:00,2025-01-08T22:27:29-08:00,0,69
contact/index.html,6,html,7d3b83a6,nisharonn,2025-01-08,22:27:29,-08:00,2025-01-08T22:27:29-08:00,0,23
contact/index.html,7,html,7d3b83a6,nisharonn,2025-01-08,22:27:29,-08:00,2025-01-08T22:27:29-08:00,0,44
contact/index.html,8,html,1afe3beb,nisharonn,2025-01-22,22:24:47,-08:00,2025-01-22T22:24:47-08:00,0,49
contact/index.html,9,html,1afe3beb,nisharonn,2025-01-22,22:24:47,-08:00,2025-01-22T22:24:47-08:00,0,9
contact/index.html,10,html,ab34b3d8,nisharonn,2025-01-16,01:52:54,-08:00,2025-01-16T01:52:54-08:00,0,3
contact/index.html,11,html,ab34b3d8,nisharonn,2025-01-16,01:52:54,-08:00,2025-01-16T01:52:54-08:00,0,42
contact/index.html,12,html,ab34b3d8,nisharonn,2025-01-16,01:52:54,-08:00,2025-01-16T01:52:54-08:00,0,55
contact/index.html,13,html,dec50bc7,nisharonn,2025-01-17,18:53:50,-08:00,2025-01-17T18:53:50-08:00,0,51
contact/index.html,14,html,1afe3beb,nisharonn,2025-01-22,22:24:47,-08:00,2025-01-22T22:24:47-08:00,0,44
contact/index.html,15,html,ab34b3d8,nisharonn,2025-01-16,01:52:54,-08:00,2025-01-16T01:52:54-08:00,0,75
contact/index.html,16,html,ab34b3d8,nisharonn,2025-01-16,01:52:54,-08:00,2025-01-16T01:52:54-08:00,0,4
contact/index.html,17,html,1afe3beb,nisharonn,2025-01-22,22:24:47,-08:00,2025-01-22T22:24:47-08:00,0,9
contact/index.html,18,html,7d3b83a6,nisharonn,2025-01-08,22:27:29,-08:00,2025-01-08T22:27:29-08:00,0,6
contact/index.html,19,html,7d3b83a6,nisharonn,2025-01-08,22:27:29,-08:00,2025-01-08T22:27:29-08:00,0,5
contact/index.html,20,html,7d3b83a6,nisharonn,2025-01-08,22:27:29,-08:00,2025-01-08T22:27:29-08:00,0,17
contact/index.html,21,html,1afe3beb,nisharonn,2025-01-22,22:24:47,-08:00,2025-01-22T22:24:47-08:00,0,48
contact/index.html,22,html,7d3b83a6,nisharonn,2025-01-08,22:27:29,-08:00,2025-01-08T22:27:29-08:00,0,0
contact/index.html,23,html,7d3b83a6,nisharonn,2025-01-08,22:27:29,-08:00,2025-01-08T22:27:29-08:00,0,38
contact/index.html,24,html,7d3b83a6,nisharonn,2025-01-08,22:27:29,-08:00,2025-01-08T22:27:29-08:00,0,21
contact/index.html,25,html,7d3b83a6,nisharonn,2025-01-08,22:27:29,-08:00,2025-01-08T22:27:29-08:00,0,0
contact/index.html,26,html,7d3b83a6,nisharonn,2025-01-08,22:27:29,-08:00,2025-01-08T22:27:29-08:00,0,35
contact/index.html,27,html,7d3b83a6,nisharonn,2025-01-08,22:27:29,-08:00,2025-01-08T22:27:29-08:00,0,32
contact/index.html,28,html,7d3b83a6,nisharonn,2025-01-08,22:27:29,-08:00,2025-01-08T22:27:29-08:00,0,0
contact/index.html,29,html,dec50bc7,nisharonn,2025-01-17,18:53:50,-08:00,2025-01-17T18:53:50-08:00,0,22
contact/index.html,30,html,7d3b83a6,nisharonn,2025-01-08,22:27:29,-08:00,2025-01-08T22:27:29-08:00,0,6
contact/index.html,31,html,7d3b83a6,nisharonn,2025-01-08,22:27:29,-08:00,2025-01-08T22:27:29-08:00,0,6
contact/index.html,32,html,7d3b83a6,nisharonn,2025-01-08,22:27:29,-08:00,2025-01-08T22:27:29-08:00,0,6
